problem_type,benchmark,num_spins,connectivity,connections_per_spin,best_energy,nb_partitions,nb_node_per_meta_nodes,solver,spins_per_partition,total_meta_nodes,meta_nodes_per_partition,spins_per_meta_node,nb_sweeps,nb_trials,en_min,en_25,en_50,en_75,en_max,en_mean,time_mean,error,error_where
Maxcut,,1024,1.0,1023.0,,2,2,Hierarchical_solver,512.0,512.0,256.0,2.0,2.0,20,-25066.0,-16770.5,-14344.0,-10037.5,-6568.0,-14353.2,21.35677065849304,,
Maxcut,,1024,1.0,1023.0,,2,4,Hierarchical_solver,512.0,256.0,128.0,4.0,2.0,20,-24190.0,-20861.5,-18254.0,-16107.0,-10616.0,-17960.7,38.962304902076724,,
Maxcut,,1024,1.0,1023.0,,2,8,Hierarchical_solver,512.0,128.0,64.0,8.0,2.0,20,-28478.0,-20582.0,-19268.0,-17636.0,-15676.0,-19754.0,39.46585454940796,,
Maxcut,,1024,1.0,1023.0,,2,16,Hierarchical_solver,512.0,64.0,32.0,16.0,2.0,20,-27518.0,-21029.5,-18518.0,-16750.0,-13444.0,-19225.2,29.14989514350891,,
Maxcut,,1024,1.0,1023.0,,2,32,Hierarchical_solver,512.0,32.0,16.0,32.0,2.0,20,-27518.0,-21024.0,-18723.0,-18035.0,-13444.0,-19509.0,41.08806147575378,,
Maxcut,,1024,1.0,1023.0,,2,64,Hierarchical_solver,512.0,16.0,8.0,64.0,2.0,20,-27518.0,-21265.5,-18380.0,-15988.5,-12426.0,-18668.6,72.0141011595726,,
Maxcut,,1024,1.0,1023.0,,2,128,Hierarchical_solver,512.0,8.0,4.0,128.0,2.0,20,-27518.0,-21425.5,-19084.0,-16949.0,-14694.0,-19576.0,208.21611289978028,,
Maxcut,,1024,1.0,1023.0,,2,256,Hierarchical_solver,512.0,4.0,2.0,256.0,2.0,20,-27518.0,-21447.5,-18457.0,-17856.5,-14694.0,-19712.0,268.4508767485619,,
Maxcut,,1024,1.0,1023.0,,2,512,Hierarchical_solver,512.0,2.0,1.0,512.0,2.0,20,-27518.0,-21024.0,-18457.0,-16745.0,-13444.0,-18874.6,23656.02750720978,,
Maxcut,,1024,1.0,1023.0,,2,1024,Hierarchical_solver,512.0,1.0,0.5,1024.0,2.0,0,,,,,,,,ValueError: Each subproblem needs at least one upper node,"make_hierarchy (ising/solvers/Hierarchical_solver.py:216), called from solve (ising/solvers/Hierarchical_solver.py:130), called from run_solver (ising/stages/simulation_stage.py:325)"
Maxcut,,1024,1.0,1023.0,,4,2,Hierarchical_solver,256.0,512.0,128.0,2.0,2.0,20,-45160.0,-41587.5,-37747.0,-35869.5,-30054.0,-37888.8,22.81398445367813,,
Maxcut,,1024,1.0,1023.0,,4,4,Hierarchical_solver,256.0,256.0,64.0,4.0,2.0,20,-45564.0,-39313.5,-37532.0,-35202.5,-32468.0,-37997.3,37.026347839832304,,
Maxcut,,1024,1.0,1023.0,,4,8,Hierarchical_solver,256.0,128.0,32.0,8.0,2.0,20,-45368.0,-43047.5,-38983.0,-37631.5,-31116.0,-39546.8,23.965434312820435,,
Maxcut,,1024,1.0,1023.0,,4,16,Hierarchical_solver,256.0,64.0,16.0,16.0,2.0,20,-45368.0,-42849.5,-38954.0,-37040.5,-31296.0,-39175.9,28.415675234794616,,
Maxcut,,1024,1.0,1023.0,,4,32,Hierarchical_solver,256.0,32.0,8.0,32.0,2.0,20,-44736.0,-40506.5,-38451.0,-34191.5,-31116.0,-38071.7,48.5592382311821,,
Maxcut,,1024,1.0,1023.0,,4,64,Hierarchical_solver,256.0,16.0,4.0,64.0,2.0,20,-53270.0,-43334.5,-39060.0,-37102.0,-31296.0,-39981.2,72.83483638763428,,
Maxcut,,1024,1.0,1023.0,,4,128,Hierarchical_solver,256.0,8.0,2.0,128.0,2.0,20,-53270.0,-43973.5,-40165.0,-37876.5,-32512.0,-40960.1,160.69016325473785,,
Maxcut,,1024,1.0,1023.0,,4,256,Hierarchical_solver,256.0,4.0,1.0,256.0,2.0,20,-45368.0,-42851.0,-38983.0,-37393.5,-31116.0,-39131.8,417.12960120439527,,
Maxcut,,1024,1.0,1023.0,,4,512,Hierarchical_solver,256.0,2.0,0.5,512.0,2.0,0,,,,,,,,ValueError: Each subproblem needs at least one upper node,"make_hierarchy (ising/solvers/Hierarchical_solver.py:216), called from solve (ising/solvers/Hierarchical_solver.py:130), called from run_solver (ising/stages/simulation_stage.py:325)"
Maxcut,,1024,1.0,1023.0,,4,1024,Hierarchical_solver,256.0,1.0,0.25,1024.0,2.0,0,,,,,,,,ValueError: Each subproblem needs at least one upper node,"make_hierarchy (ising/solvers/Hierarchical_solver.py:216), called from solve (ising/solvers/Hierarchical_solver.py:130), called from run_solver (ising/stages/simulation_stage.py:325)"
Maxcut,,1024,1.0,1023.0,,8,2,Hierarchical_solver,128.0,512.0,64.0,2.0,2.0,20,-81568.0,-78903.5,-77560.0,-75785.0,-71536.0,-77308.3,21.592020511627197,,
Maxcut,,1024,1.0,1023.0,,8,4,Hierarchical_solver,128.0,256.0,32.0,4.0,2.0,20,-73746.0,-69821.0,-67684.0,-66601.5,-63240.0,-68008.6,32.198497486114505,,
Maxcut,,1024,1.0,1023.0,,8,8,Hierarchical_solver,128.0,128.0,16.0,8.0,2.0,20,-66554.0,-63384.0,-60166.0,-58236.5,-55694.0,-61010.8,24.135419917106628,,
Maxcut,,1024,1.0,1023.0,,8,16,Hierarchical_solver,128.0,64.0,8.0,16.0,2.0,20,-67954.0,-63384.0,-60380.0,-58805.0,-54352.0,-61040.8,33.63145451545715,,
Maxcut,,1024,1.0,1023.0,,8,32,Hierarchical_solver,128.0,32.0,4.0,32.0,2.0,20,-65096.0,-61947.5,-59942.0,-57816.5,-54352.0,-59811.3,66.07857549190521,,
Maxcut,,1024,1.0,1023.0,,8,64,Hierarchical_solver,128.0,16.0,2.0,64.0,2.0,20,-66554.0,-62594.0,-59637.0,-53993.5,-39158.0,-56201.8,79.23413887023926,,
Maxcut,,1024,1.0,1023.0,,8,128,Hierarchical_solver,128.0,8.0,1.0,128.0,2.0,20,-66220.0,-61229.5,-59312.0,-58205.0,-54352.0,-59824.6,198.2948909163475,,
Maxcut,,1024,1.0,1023.0,,8,256,Hierarchical_solver,128.0,4.0,0.5,256.0,2.0,0,,,,,,,,ValueError: Each subproblem needs at least one upper node,"make_hierarchy (ising/solvers/Hierarchical_solver.py:216), called from solve (ising/solvers/Hierarchical_solver.py:130), called from run_solver (ising/stages/simulation_stage.py:325)"
Maxcut,,1024,1.0,1023.0,,8,512,Hierarchical_solver,128.0,2.0,0.25,512.0,2.0,0,,,,,,,,ValueError: Each subproblem needs at least one upper node,"make_hierarchy (ising/solvers/Hierarchical_solver.py:216), called from solve (ising/solvers/Hierarchical_solver.py:130), called from run_solver (ising/stages/simulation_stage.py:325)"
Maxcut,,1024,1.0,1023.0,,8,1024,Hierarchical_solver,128.0,1.0,0.125,1024.0,2.0,0,,,,,,,,ValueError: Each subproblem needs at least one upper node,"make_hierarchy (ising/solvers/Hierarchical_solver.py:216), called from solve (ising/solvers/Hierarchical_solver.py:130), called from run_solver (ising/stages/simulation_stage.py:325)"
Maxcut,,1024,1.0,1023.0,,16,2,Hierarchical_solver,64.0,512.0,32.0,2.0,2.0,20,-94826.0,-92537.0,-92058.0,-90580.0,-89756.0,-91840.6,23.472026586532593,,
Maxcut,,1024,1.0,1023.0,,16,4,Hierarchical_solver,64.0,256.0,16.0,4.0,2.0,20,-76964.0,-76339.5,-75585.0,-74833.0,-71768.0,-75324.8,22.92411175966263,,
Maxcut,,1024,1.0,1023.0,,16,8,Hierarchical_solver,64.0,128.0,8.0,8.0,2.0,20,-79702.0,-77377.0,-76092.0,-75389.0,-74696.0,-76464.8,38.93027231693268,,
Maxcut,,1024,1.0,1023.0,,16,16,Hierarchical_solver,64.0,64.0,4.0,16.0,2.0,20,-77838.0,-74571.0,-73996.0,-73570.5,-70934.0,-74209.5,38.79282243251801,,
Maxcut,,1024,1.0,1023.0,,16,32,Hierarchical_solver,64.0,32.0,2.0,32.0,2.0,20,-77738.0,-76293.5,-74596.0,-73521.0,-72250.0,-74905.0,71.70832960605621,,
Maxcut,,1024,1.0,1023.0,,16,64,Hierarchical_solver,64.0,16.0,1.0,64.0,2.0,20,-77838.0,-75531.5,-74097.0,-73602.0,-48380.0,-72439.6,96.05285848379135,,
Maxcut,,1024,1.0,1023.0,,16,128,Hierarchical_solver,64.0,8.0,0.5,128.0,2.0,0,,,,,,,,ValueError: Each subproblem needs at least one upper node,"make_hierarchy (ising/solvers/Hierarchical_solver.py:216), called from solve (ising/solvers/Hierarchical_solver.py:130), called from run_solver (ising/stages/simulation_stage.py:325)"
Maxcut,,1024,1.0,1023.0,,16,256,Hierarchical_solver,64.0,4.0,0.25,256.0,2.0,0,,,,,,,,ValueError: Each subproblem needs at least one upper node,"make_hierarchy (ising/solvers/Hierarchical_solver.py:216), called from solve (ising/solvers/Hierarchical_solver.py:130), called from run_solver (ising/stages/simulation_stage.py:325)"
Maxcut,,1024,1.0,1023.0,,16,512,Hierarchical_solver,64.0,2.0,0.125,512.0,2.0,0,,,,,,,,ValueError: Each subproblem needs at least one upper node,"make_hierarchy (ising/solvers/Hierarchical_solver.py:216), called from solve (ising/solvers/Hierarchical_solver.py:130), called from run_solver (ising/stages/simulation_stage.py:325)"
Maxcut,,1024,1.0,1023.0,,16,1024,Hierarchical_solver,64.0,1.0,0.0625,1024.0,2.0,0,,,,,,,,ValueError: Each subproblem needs at least one upper node,"make_hierarchy (ising/solvers/Hierarchical_solver.py:216), called from solve (ising/solvers/Hierarchical_solver.py:130), called from run_solver (ising/stages/simulation_stage.py:325)"
Maxcut,,1024,1.0,1023.0,,32,2,Hierarchical_solver,32.0,512.0,16.0,2.0,2.0,20,-94228.0,-93180.5,-92492.0,-91918.5,-91494.0,-92644.6,25.90499339103699,,
Maxcut,,1024,1.0,1023.0,,32,4,Hierarchical_solver,32.0,256.0,8.0,4.0,2.0,20,-85590.0,-85234.5,-85047.0,-84917.0,-84066.0,-85023.7,29.98350594043732,,
Maxcut,,1024,1.0,1023.0,,32,8,Hierarchical_solver,32.0,128.0,4.0,8.0,2.0,20,-82214.0,-81168.0,-80725.0,-80369.0,-80054.0,-80807.7,29.610422229766847,,
Maxcut,,1024,1.0,1023.0,,32,16,Hierarchical_solver,32.0,64.0,2.0,16.0,2.0,20,-82214.0,-81383.5,-80796.0,-80395.0,-79564.0,-80903.7,41.12747089862823,,
Maxcut,,1024,1.0,1023.0,,32,32,Hierarchical_solver,32.0,32.0,1.0,32.0,2.0,20,-82214.0,-81451.5,-80852.0,-80306.5,-79444.0,-80881.2,70.52974609136581,,
Maxcut,,1024,1.0,1023.0,,32,64,Hierarchical_solver,32.0,16.0,0.5,64.0,2.0,0,,,,,,,,ValueError: Each subproblem needs at least one upper node,"make_hierarchy (ising/solvers/Hierarchical_solver.py:216), called from solve (ising/solvers/Hierarchical_solver.py:130), called from run_solver (ising/stages/simulation_stage.py:325)"
Maxcut,,1024,1.0,1023.0,,32,128,Hierarchical_solver,32.0,8.0,0.25,128.0,2.0,0,,,,,,,,ValueError: Each subproblem needs at least one upper node,"make_hierarchy (ising/solvers/Hierarchical_solver.py:216), called from solve (ising/solvers/Hierarchical_solver.py:130), called from run_solver (ising/stages/simulation_stage.py:325)"
Maxcut,,1024,1.0,1023.0,,32,256,Hierarchical_solver,32.0,4.0,0.125,256.0,2.0,0,,,,,,,,ValueError: Each subproblem needs at least one upper node,"make_hierarchy (ising/solvers/Hierarchical_solver.py:216), called from solve (ising/solvers/Hierarchical_solver.py:130), called from run_solver (ising/stages/simulation_stage.py:325)"
Maxcut,,1024,1.0,1023.0,,32,512,Hierarchical_solver,32.0,2.0,0.0625,512.0,2.0,0,,,,,,,,ValueError: Each subproblem needs at least one upper node,"make_hierarchy (ising/solvers/Hierarchical_solver.py:216), called from solve (ising/solvers/Hierarchical_solver.py:130), called from run_solver (ising/stages/simulation_stage.py:325)"
Maxcut,,1024,1.0,1023.0,,32,1024,Hierarchical_solver,32.0,1.0,0.03125,1024.0,2.0,0,,,,,,,,ValueError: Each subproblem needs at least one upper node,"make_hierarchy (ising/solvers/Hierarchical_solver.py:216), called from solve (ising/solvers/Hierarchical_solver.py:130), called from run_solver (ising/stages/simulation_stage.py:325)"
Maxcut,,1024,1.0,1023.0,,64,2,Hierarchical_solver,16.0,512.0,8.0,2.0,2.0,20,-95092.0,-93083.0,-91968.0,-91170.5,-91020.0,-92314.4,26.163551223278045,,
Maxcut,,1024,1.0,1023.0,,64,4,Hierarchical_solver,16.0,256.0,4.0,4.0,2.0,20,-86524.0,-86060.5,-85836.0,-85593.5,-85034.0,-85822.7,33.416598331928256,,
Maxcut,,1024,1.0,1023.0,,64,8,Hierarchical_solver,16.0,128.0,2.0,8.0,2.0,20,-83706.0,-83116.0,-82777.0,-82399.5,-81898.0,-82788.8,88.77797002792359,,
Maxcut,,1024,1.0,1023.0,,64,16,Hierarchical_solver,16.0,64.0,1.0,16.0,2.0,20,-83706.0,-83132.0,-82785.0,-82399.5,-82168.0,-82789.1,43.86212921142578,,
Maxcut,,1024,1.0,1023.0,,64,32,Hierarchical_solver,16.0,32.0,0.5,32.0,2.0,0,,,,,,,,ValueError: Each subproblem needs at least one upper node,"make_hierarchy (ising/solvers/Hierarchical_solver.py:216), called from solve (ising/solvers/Hierarchical_solver.py:130), called from run_solver (ising/stages/simulation_stage.py:325)"
Maxcut,,1024,1.0,1023.0,,64,64,Hierarchical_solver,16.0,16.0,0.25,64.0,2.0,0,,,,,,,,ValueError: Each subproblem needs at least one upper node,"make_hierarchy (ising/solvers/Hierarchical_solver.py:216), called from solve (ising/solvers/Hierarchical_solver.py:130), called from run_solver (ising/stages/simulation_stage.py:325)"
Maxcut,,1024,1.0,1023.0,,64,128,Hierarchical_solver,16.0,8.0,0.125,128.0,2.0,0,,,,,,,,ValueError: Each subproblem needs at least one upper node,"make_hierarchy (ising/solvers/Hierarchical_solver.py:216), called from solve (ising/solvers/Hierarchical_solver.py:130), called from run_solver (ising/stages/simulation_stage.py:325)"
Maxcut,,1024,1.0,1023.0,,64,256,Hierarchical_solver,16.0,4.0,0.0625,256.0,2.0,0,,,,,,,,ValueError: Each subproblem needs at least one upper node,"make_hierarchy (ising/solvers/Hierarchical_solver.py:216), called from solve (ising/solvers/Hierarchical_solver.py:130), called from run_solver (ising/stages/simulation_stage.py:325)"
Maxcut,,1024,1.0,1023.0,,64,512,Hierarchical_solver,16.0,2.0,0.03125,512.0,2.0,0,,,,,,,,ValueError: Each subproblem needs at least one upper node,"make_hierarchy (ising/solvers/Hierarchical_solver.py:216), called from solve (ising/solvers/Hierarchical_solver.py:130), called from run_solver (ising/stages/simulation_stage.py:325)"
Maxcut,,1024,1.0,1023.0,,64,1024,Hierarchical_solver,16.0,1.0,0.015625,1024.0,2.0,0,,,,,,,,ValueError: Each subproblem needs at least one upper node,"make_hierarchy (ising/solvers/Hierarchical_solver.py:216), called from solve (ising/solvers/Hierarchical_solver.py:130), called from run_solver (ising/stages/simulation_stage.py:325)"
Maxcut,,1024,1.0,1023.0,,54,2,Hierarchical_solver,18.962962962962962,512.0,9.481481481481481,2.0,2.0,0,,,,,,,,ValueError: Eigenvector partitioning requires a power-of-two partition count no larger than the model,"partition_by_eigenvector (ising/utils/partitioning_schemes.py:58), called from make_modularity_partitioning (ising/utils/partitioning_schemes.py:27), called from solve (ising/solvers/Hierarchical_solver.py:127)"
Maxcut,,1024,1.0,1023.0,,54,4,Hierarchical_solver,18.962962962962962,256.0,4.7407407407407405,4.0,2.0,0,,,,,,,,ValueError: Eigenvector partitioning requires a power-of-two partition count no larger than the model,"partition_by_eigenvector (ising/utils/partitioning_schemes.py:58), called from make_modularity_partitioning (ising/utils/partitioning_schemes.py:27), called from solve (ising/solvers/Hierarchical_solver.py:127)"
Maxcut,,1024,1.0,1023.0,,54,8,Hierarchical_solver,18.962962962962962,128.0,2.3703703703703702,8.0,2.0,0,,,,,,,,ValueError: Eigenvector partitioning requires a power-of-two partition count no larger than the model,"partition_by_eigenvector (ising/utils/partitioning_schemes.py:58), called from make_modularity_partitioning (ising/utils/partitioning_schemes.py:27), called from solve (ising/solvers/Hierarchical_solver.py:127)"
Maxcut,,1024,1.0,1023.0,,54,16,Hierarchical_solver,18.962962962962962,64.0,1.1851851851851851,16.0,2.0,0,,,,,,,,ValueError: Eigenvector partitioning requires a power-of-two partition count no larger than the model,"partition_by_eigenvector (ising/utils/partitioning_schemes.py:58), called from make_modularity_partitioning (ising/utils/partitioning_schemes.py:27), called from solve (ising/solvers/Hierarchical_solver.py:127)"
Maxcut,,1024,1.0,1023.0,,54,32,Hierarchical_solver,18.962962962962962,32.0,0.5925925925925926,32.0,2.0,0,,,,,,,,ValueError: Eigenvector partitioning requires a power-of-two partition count no larger than the model,"partition_by_eigenvector (ising/utils/partitioning_schemes.py:58), called from make_modularity_partitioning (ising/utils/partitioning_schemes.py:27), called from solve (ising/solvers/Hierarchical_solver.py:127)"
Maxcut,,1024,1.0,1023.0,,54,64,Hierarchical_solver,18.962962962962962,16.0,0.2962962962962963,64.0,2.0,0,,,,,,,,ValueError: Eigenvector partitioning requires a power-of-two partition count no larger than the model,"partition_by_eigenvector (ising/utils/partitioning_schemes.py:58), called from make_modularity_partitioning (ising/utils/partitioning_schemes.py:27), called from solve (ising/solvers/Hierarchical_solver.py:127)"
Maxcut,,1024,1.0,1023.0,,54,128,Hierarchical_solver,18.962962962962962,8.0,0.14814814814814814,128.0,2.0,0,,,,,,,,ValueError: Eigenvector partitioning requires a power-of-two partition count no larger than the model,"partition_by_eigenvector (ising/utils/partitioning_schemes.py:58), called from make_modularity_partitioning (ising/utils/partitioning_schemes.py:27), called from solve (ising/solvers/Hierarchical_solver.py:127)"
Maxcut,,1024,1.0,1023.0,,54,256,Hierarchical_solver,18.962962962962962,4.0,0.07407407407407407,256.0,2.0,0,,,,,,,,ValueError: Eigenvector partitioning requires a power-of-two partition count no larger than the model,"partition_by_eigenvector (ising/utils/partitioning_schemes.py:58), called from make_modularity_partitioning (ising/utils/partitioning_schemes.py:27), called from solve (ising/solvers/Hierarchical_solver.py:127)"
Maxcut,,1024,1.0,1023.0,,54,512,Hierarchical_solver,18.962962962962962,2.0,0.037037037037037035,512.0,2.0,0,,,,,,,,ValueError: Eigenvector partitioning requires a power-of-two partition count no larger than the model,"partition_by_eigenvector (ising/utils/partitioning_schemes.py:58), called from make_modularity_partitioning (ising/utils/partitioning_schemes.py:27), called from solve (ising/solvers/Hierarchical_solver.py:127)"
Maxcut,,1024,1.0,1023.0,,54,1024,Hierarchical_solver,18.962962962962962,1.0,0.018518518518518517,1024.0,2.0,0,,,,,,,,ValueError: Eigenvector partitioning requires a power-of-two partition count no larger than the model,"partition_by_eigenvector (ising/utils/partitioning_schemes.py:58), called from make_modularity_partitioning (ising/utils/partitioning_schemes.py:27), called from solve (ising/solvers/Hierarchical_solver.py:127)"
Maxcut,,1024,1.0,1023.0,,128,2,Hierarchical_solver,8.0,512.0,4.0,2.0,2.0,20,-93134.0,-91847.5,-91828.0,-91824.5,-90242.0,-91850.0,32.08956685066223,,
Maxcut,,1024,1.0,1023.0,,128,4,Hierarchical_solver,8.0,256.0,2.0,4.0,2.0,20,-88916.0,-88916.0,-88632.0,-88488.0,-88488.0,-88694.4,46.43598908185959,,
Maxcut,,1024,1.0,1023.0,,128,8,Hierarchical_solver,8.0,128.0,1.0,8.0,2.0,20,-85146.0,-85146.0,-85074.0,-85074.0,-84578.0,-85056.8,36.82731012105942,,
Maxcut,,1024,1.0,1023.0,,128,16,Hierarchical_solver,8.0,64.0,0.5,16.0,2.0,0,,,,,,,,ValueError: Each subproblem needs at least one upper node,"make_hierarchy (ising/solvers/Hierarchical_solver.py:216), called from solve (ising/solvers/Hierarchical_solver.py:130), called from run_solver (ising/stages/simulation_stage.py:325)"
Maxcut,,1024,1.0,1023.0,,128,32,Hierarchical_solver,8.0,32.0,0.25,32.0,2.0,0,,,,,,,,ValueError: Each subproblem needs at least one upper node,"make_hierarchy (ising/solvers/Hierarchical_solver.py:216), called from solve (ising/solvers/Hierarchical_solver.py:130), called from run_solver (ising/stages/simulation_stage.py:325)"
Maxcut,,1024,1.0,1023.0,,128,64,Hierarchical_solver,8.0,16.0,0.125,64.0,2.0,0,,,,,,,,ValueError: Each subproblem needs at least one upper node,"make_hierarchy (ising/solvers/Hierarchical_solver.py:216), called from solve (ising/solvers/Hierarchical_solver.py:130), called from run_solver (ising/stages/simulation_stage.py:325)"
Maxcut,,1024,1.0,1023.0,,128,128,Hierarchical_solver,8.0,8.0,0.0625,128.0,2.0,0,,,,,,,,ValueError: Each subproblem needs at least one upper node,"make_hierarchy (ising/solvers/Hierarchical_solver.py:216), called from solve (ising/solvers/Hierarchical_solver.py:130), called from run_solver (ising/stages/simulation_stage.py:325)"
Maxcut,,1024,1.0,1023.0,,128,256,Hierarchical_solver,8.0,4.0,0.03125,256.0,2.0,0,,,,,,,,ValueError: Each subproblem needs at least one upper node,"make_hierarchy (ising/solvers/Hierarchical_solver.py:216), called from solve (ising/solvers/Hierarchical_solver.py:130), called from run_solver (ising/stages/simulation_stage.py:325)"
Maxcut,,1024,1.0,1023.0,,128,512,Hierarchical_solver,8.0,2.0,0.015625,512.0,2.0,0,,,,,,,,ValueError: Each subproblem needs at least one upper node,"make_hierarchy (ising/solvers/Hierarchical_solver.py:216), called from solve (ising/solvers/Hierarchical_solver.py:130), called from run_solver (ising/stages/simulation_stage.py:325)"
Maxcut,,1024,1.0,1023.0,,128,1024,Hierarchical_solver,8.0,1.0,0.0078125,1024.0,2.0,0,,,,,,,,ValueError: Each subproblem needs at least one upper node,"make_hierarchy (ising/solvers/Hierarchical_solver.py:216), called from solve (ising/solvers/Hierarchical_solver.py:130), called from run_solver (ising/stages/simulation_stage.py:325)"
Maxcut,,1024,1.0,1023.0,,256,2,Hierarchical_solver,4.0,512.0,2.0,2.0,2.0,20,-96712.0,-96582.0,-96192.0,-96192.0,-93606.0,-95940.0,40.55873275995255,,
Maxcut,,1024,1.0,1023.0,,256,4,Hierarchical_solver,4.0,256.0,1.0,4.0,2.0,20,-89432.0,-89432.0,-89276.0,-89276.0,-89276.0,-89338.4,56.03484966754913,,
Maxcut,,1024,1.0,1023.0,,256,8,Hierarchical_solver,4.0,128.0,0.5,8.0,2.0,0,,,,,,,,ValueError: Each subproblem needs at least one upper node,"make_hierarchy (ising/solvers/Hierarchical_solver.py:216), called from solve (ising/solvers/Hierarchical_solver.py:130), called from run_solver (ising/stages/simulation_stage.py:325)"
Maxcut,,1024,1.0,1023.0,,256,16,Hierarchical_solver,4.0,64.0,0.25,16.0,2.0,0,,,,,,,,ValueError: Each subproblem needs at least one upper node,"make_hierarchy (ising/solvers/Hierarchical_solver.py:216), called from solve (ising/solvers/Hierarchical_solver.py:130), called from run_solver (ising/stages/simulation_stage.py:325)"
Maxcut,,1024,1.0,1023.0,,256,32,Hierarchical_solver,4.0,32.0,0.125,32.0,2.0,0,,,,,,,,ValueError: Each subproblem needs at least one upper node,"make_hierarchy (ising/solvers/Hierarchical_solver.py:216), called from solve (ising/solvers/Hierarchical_solver.py:130), called from run_solver (ising/stages/simulation_stage.py:325)"
Maxcut,,1024,1.0,1023.0,,256,64,Hierarchical_solver,4.0,16.0,0.0625,64.0,2.0,0,,,,,,,,ValueError: Each subproblem needs at least one upper node,"make_hierarchy (ising/solvers/Hierarchical_solver.py:216), called from solve (ising/solvers/Hierarchical_solver.py:130), called from run_solver (ising/stages/simulation_stage.py:325)"
Maxcut,,1024,1.0,1023.0,,256,128,Hierarchical_solver,4.0,8.0,0.03125,128.0,2.0,0,,,,,,,,ValueError: Each subproblem needs at least one upper node,"make_hierarchy (ising/solvers/Hierarchical_solver.py:216), called from solve (ising/solvers/Hierarchical_solver.py:130), called from run_solver (ising/stages/simulation_stage.py:325)"
Maxcut,,1024,1.0,1023.0,,256,256,Hierarchical_solver,4.0,4.0,0.015625,256.0,2.0,0,,,,,,,,ValueError: Each subproblem needs at least one upper node,"make_hierarchy (ising/solvers/Hierarchical_solver.py:216), called from solve (ising/solvers/Hierarchical_solver.py:130), called from run_solver (ising/stages/simulation_stage.py:325)"
Maxcut,,1024,1.0,1023.0,,256,512,Hierarchical_solver,4.0,2.0,0.0078125,512.0,2.0,0,,,,,,,,ValueError: Each subproblem needs at least one upper node,"make_hierarchy (ising/solvers/Hierarchical_solver.py:216), called from solve (ising/solvers/Hierarchical_solver.py:130), called from run_solver (ising/stages/simulation_stage.py:325)"
Maxcut,,1024,1.0,1023.0,,256,1024,Hierarchical_solver,4.0,1.0,0.00390625,1024.0,2.0,0,,,,,,,,ValueError: Each subproblem needs at least one upper node,"make_hierarchy (ising/solvers/Hierarchical_solver.py:216), called from solve (ising/solvers/Hierarchical_solver.py:130), called from run_solver (ising/stages/simulation_stage.py:325)"
Maxcut,,1024,1.0,1023.0,,512,2,Hierarchical_solver,2.0,512.0,1.0,2.0,2.0,20,-95352.0,-94491.0,-93035.0,-91362.0,-91118.0,-92966.9,122.99042924642563,,
Maxcut,,1024,1.0,1023.0,,512,4,Hierarchical_solver,2.0,256.0,0.5,4.0,2.0,0,,,,,,,,ValueError: Each subproblem needs at least one upper node,"make_hierarchy (ising/solvers/Hierarchical_solver.py:216), called from solve (ising/solvers/Hierarchical_solver.py:130), called from run_solver (ising/stages/simulation_stage.py:325)"
Maxcut,,1024,1.0,1023.0,,512,8,Hierarchical_solver,2.0,128.0,0.25,8.0,2.0,0,,,,,,,,ValueError: Each subproblem needs at least one upper node,"make_hierarchy (ising/solvers/Hierarchical_solver.py:216), called from solve (ising/solvers/Hierarchical_solver.py:130), called from run_solver (ising/stages/simulation_stage.py:325)"
Maxcut,,1024,1.0,1023.0,,512,16,Hierarchical_solver,2.0,64.0,0.125,16.0,2.0,0,,,,,,,,ValueError: Each subproblem needs at least one upper node,"make_hierarchy (ising/solvers/Hierarchical_solver.py:216), called from solve (ising/solvers/Hierarchical_solver.py:130), called from run_solver (ising/stages/simulation_stage.py:325)"
Maxcut,,1024,1.0,1023.0,,512,32,Hierarchical_solver,2.0,32.0,0.0625,32.0,2.0,0,,,,,,,,ValueError: Each subproblem needs at least one upper node,"make_hierarchy (ising/solvers/Hierarchical_solver.py:216), called from solve (ising/solvers/Hierarchical_solver.py:130), called from run_solver (ising/stages/simulation_stage.py:325)"
Maxcut,,1024,1.0,1023.0,,512,64,Hierarchical_solver,2.0,16.0,0.03125,64.0,2.0,0,,,,,,,,ValueError: Each subproblem needs at least one upper node,"make_hierarchy (ising/solvers/Hierarchical_solver.py:216), called from solve (ising/solvers/Hierarchical_solver.py:130), called from run_solver (ising/stages/simulation_stage.py:325)"
Maxcut,,1024,1.0,1023.0,,512,128,Hierarchical_solver,2.0,8.0,0.015625,128.0,2.0,0,,,,,,,,ValueError: Each subproblem needs at least one upper node,"make_hierarchy (ising/solvers/Hierarchical_solver.py:216), called from solve (ising/solvers/Hierarchical_solver.py:130), called from run_solver (ising/stages/simulation_stage.py:325)"
Maxcut,,1024,1.0,1023.0,,512,256,Hierarchical_solver,2.0,4.0,0.0078125,256.0,2.0,0,,,,,,,,ValueError: Each subproblem needs at least one upper node,"make_hierarchy (ising/solvers/Hierarchical_solver.py:216), called from solve (ising/solvers/Hierarchical_solver.py:130), called from run_solver (ising/stages/simulation_stage.py:325)"
Maxcut,,1024,1.0,1023.0,,512,512,Hierarchical_solver,2.0,2.0,0.00390625,512.0,2.0,0,,,,,,,,ValueError: Each subproblem needs at least one upper node,"make_hierarchy (ising/solvers/Hierarchical_solver.py:216), called from solve (ising/solvers/Hierarchical_solver.py:130), called from run_solver (ising/stages/simulation_stage.py:325)"
Maxcut,,1024,1.0,1023.0,,512,1024,Hierarchical_solver,2.0,1.0,0.001953125,1024.0,2.0,0,,,,,,,,ValueError: Each subproblem needs at least one upper node,"make_hierarchy (ising/solvers/Hierarchical_solver.py:216), called from solve (ising/solvers/Hierarchical_solver.py:130), called from run_solver (ising/stages/simulation_stage.py:325)"
Maxcut,,1024,1.0,1023.0,,1024,2,Hierarchical_solver,1.0,512.0,0.5,2.0,2.0,0,,,,,,,,ValueError: Each subproblem needs at least one upper node,"make_hierarchy (ising/solvers/Hierarchical_solver.py:216), called from solve (ising/solvers/Hierarchical_solver.py:130), called from run_solver (ising/stages/simulation_stage.py:325)"
Maxcut,,1024,1.0,1023.0,,1024,4,Hierarchical_solver,1.0,256.0,0.25,4.0,2.0,0,,,,,,,,ValueError: Each subproblem needs at least one upper node,"make_hierarchy (ising/solvers/Hierarchical_solver.py:216), called from solve (ising/solvers/Hierarchical_solver.py:130), called from run_solver (ising/stages/simulation_stage.py:325)"
Maxcut,,1024,1.0,1023.0,,1024,8,Hierarchical_solver,1.0,128.0,0.125,8.0,2.0,0,,,,,,,,ValueError: Each subproblem needs at least one upper node,"make_hierarchy (ising/solvers/Hierarchical_solver.py:216), called from solve (ising/solvers/Hierarchical_solver.py:130), called from run_solver (ising/stages/simulation_stage.py:325)"
Maxcut,,1024,1.0,1023.0,,1024,16,Hierarchical_solver,1.0,64.0,0.0625,16.0,2.0,0,,,,,,,,ValueError: Each subproblem needs at least one upper node,"make_hierarchy (ising/solvers/Hierarchical_solver.py:216), called from solve (ising/solvers/Hierarchical_solver.py:130), called from run_solver (ising/stages/simulation_stage.py:325)"
Maxcut,,1024,1.0,1023.0,,1024,32,Hierarchical_solver,1.0,32.0,0.03125,32.0,2.0,0,,,,,,,,ValueError: Each subproblem needs at least one upper node,"make_hierarchy (ising/solvers/Hierarchical_solver.py:216), called from solve (ising/solvers/Hierarchical_solver.py:130), called from run_solver (ising/stages/simulation_stage.py:325)"
Maxcut,,1024,1.0,1023.0,,1024,64,Hierarchical_solver,1.0,16.0,0.015625,64.0,2.0,0,,,,,,,,ValueError: Each subproblem needs at least one upper node,"make_hierarchy (ising/solvers/Hierarchical_solver.py:216), called from solve (ising/solvers/Hierarchical_solver.py:130), called from run_solver (ising/stages/simulation_stage.py:325)"
Maxcut,,1024,1.0,1023.0,,1024,128,Hierarchical_solver,1.0,8.0,0.0078125,128.0,2.0,0,,,,,,,,ValueError: Each subproblem needs at least one upper node,"make_hierarchy (ising/solvers/Hierarchical_solver.py:216), called from solve (ising/solvers/Hierarchical_solver.py:130), called from run_solver (ising/stages/simulation_stage.py:325)"
Maxcut,,1024,1.0,1023.0,,1024,256,Hierarchical_solver,1.0,4.0,0.00390625,256.0,2.0,0,,,,,,,,ValueError: Each subproblem needs at least one upper node,"make_hierarchy (ising/solvers/Hierarchical_solver.py:216), called from solve (ising/solvers/Hierarchical_solver.py:130), called from run_solver (ising/stages/simulation_stage.py:325)"
Maxcut,,1024,1.0,1023.0,,1024,512,Hierarchical_solver,1.0,2.0,0.001953125,512.0,2.0,0,,,,,,,,ValueError: Each subproblem needs at least one upper node,"make_hierarchy (ising/solvers/Hierarchical_solver.py:216), called from solve (ising/solvers/Hierarchical_solver.py:130), called from run_solver (ising/stages/simulation_stage.py:325)"
Maxcut,,1024,1.0,1023.0,,1024,1024,Hierarchical_solver,1.0,1.0,0.0009765625,1024.0,2.0,0,,,,,,,,ValueError: Each subproblem needs at least one upper node,"make_hierarchy (ising/solvers/Hierarchical_solver.py:216), called from solve (ising/solvers/Hierarchical_solver.py:130), called from run_solver (ising/stages/simulation_stage.py:325)"
Maxcut,,1024,1.0,1023.0,,1,0,Multiplicative,,,,,,20,-104506.0,-102277.5,-101880.0,-101088.0,-99656.0,-101807.9,8.768921720981599,,
Maxcut,,1024,0.05,50.859375,,2,2,Hierarchical_solver,512.0,512.0,256.0,2.0,2.0,20,-20182.0,-5038.5,-4393.0,-3649.5,-2140.0,-6211.1,97.43230514526367,,
Maxcut,,1024,0.05,50.859375,,2,4,Hierarchical_solver,512.0,256.0,128.0,4.0,2.0,20,-5374.0,-5001.0,-4432.0,-4096.0,-2328.0,-4293.9,218.27510607242584,,
Maxcut,,1024,0.05,50.859375,,2,8,Hierarchical_solver,512.0,128.0,64.0,8.0,2.0,20,-6782.0,-5084.5,-4610.0,-4297.0,-3806.0,-4726.1,97.99030860662461,,
Maxcut,,1024,0.05,50.859375,,2,16,Hierarchical_solver,512.0,64.0,32.0,16.0,2.0,20,-6782.0,-5121.0,-4749.0,-4331.0,-3832.0,-4824.4,115.89422755241394,,
Maxcut,,1024,0.05,50.859375,,2,32,Hierarchical_solver,512.0,32.0,16.0,32.0,2.0,20,-6782.0,-5119.5,-4799.0,-4309.0,-3830.0,-4802.3,192.4115896821022,,
Maxcut,,1024,0.05,50.859375,,2,64,Hierarchical_solver,512.0,16.0,8.0,64.0,2.0,20,-6782.0,-5121.0,-4776.0,-4467.5,-3830.0,-4853.9,521.1053283333779,,
Maxcut,,1024,0.05,50.859375,,2,128,Hierarchical_solver,512.0,8.0,4.0,128.0,2.0,20,-6782.0,-5121.0,-4749.0,-4446.5,-3830.0,-4832.2,1078.7224696874619,,
Maxcut,,1024,0.05,50.859375,,2,256,Hierarchical_solver,512.0,4.0,2.0,256.0,2.0,20,-6782.0,-5121.0,-4749.0,-4309.0,-3830.0,-4813.1,1353.353856897354,,
Maxcut,,1024,0.05,50.859375,,2,512,Hierarchical_solver,512.0,2.0,1.0,512.0,2.0,20,-6782.0,-4946.0,-4687.0,-4049.0,-3486.0,-4672.0,103441.7977590084,,
Maxcut,,1024,0.05,50.859375,,2,1024,Hierarchical_solver,512.0,1.0,0.5,1024.0,2.0,0,,,,,,,,ValueError: Each subproblem needs at least one upper node,"make_hierarchy (ising/solvers/Hierarchical_solver.py:216), called from solve (ising/solvers/Hierarchical_solver.py:130), called from run_solver (ising/stages/simulation_stage.py:325)"
Maxcut,,1024,0.05,50.859375,,4,2,Hierarchical_solver,256.0,512.0,128.0,2.0,2.0,20,-11024.0,-9407.5,-8881.0,-8243.5,-6866.0,-8908.9,105.63069216012954,,
Maxcut,,1024,0.05,50.859375,,4,4,Hierarchical_solver,256.0,256.0,64.0,4.0,2.0,20,-10384.0,-9398.5,-9097.0,-8454.5,-7214.0,-8935.0,200.50070043802262,,
Maxcut,,1024,0.05,50.859375,,4,8,Hierarchical_solver,256.0,128.0,32.0,8.0,2.0,20,-10784.0,-9732.5,-9160.0,-8432.5,-7720.0,-9047.3,100.13188797235489,,
Maxcut,,1024,0.05,50.859375,,4,16,Hierarchical_solver,256.0,64.0,16.0,16.0,2.0,20,-10784.0,-9741.0,-8973.0,-8194.0,-7576.0,-8932.4,126.8841283917427,,
Maxcut,,1024,0.05,50.859375,,4,32,Hierarchical_solver,256.0,32.0,8.0,32.0,2.0,20,-10826.0,-9469.5,-9160.0,-8340.0,-7720.0,-9062.8,210.94419699907303,,
Maxcut,,1024,0.05,50.859375,,4,64,Hierarchical_solver,256.0,16.0,4.0,64.0,2.0,20,-10784.0,-9741.0,-9084.0,-8251.0,-7216.0,-8941.6,320.9436441302299,,
Maxcut,,1024,0.05,50.859375,,4,128,Hierarchical_solver,256.0,8.0,2.0,128.0,2.0,20,-10826.0,-9741.0,-8754.0,-8218.0,-7190.0,-8961.5,891.5347549915314,,
Maxcut,,1024,0.05,50.859375,,4,256,Hierarchical_solver,256.0,4.0,1.0,256.0,2.0,20,-10784.0,-9477.5,-9095.0,-8225.5,-7576.0,-8928.8,1712.203503537178,,
Maxcut,,1024,0.05,50.859375,,4,512,Hierarchical_solver,256.0,2.0,0.5,512.0,2.0,0,,,,,,,,ValueError: Each subproblem needs at least one upper node,"make_hierarchy (ising/solvers/Hierarchical_solver.py:216), called from solve (ising/solvers/Hierarchical_solver.py:130), called from run_solver (ising/stages/simulation_stage.py:325)"
Maxcut,,1024,0.05,50.859375,,4,1024,Hierarchical_solver,256.0,1.0,0.25,1024.0,2.0,0,,,,,,,,ValueError: Each subproblem needs at least one upper node,"make_hierarchy (ising/solvers/Hierarchical_solver.py:216), called from solve (ising/solvers/Hierarchical_solver.py:130), called from run_solver (ising/stages/simulation_stage.py:325)"
Maxcut,,1024,0.05,50.859375,,8,2,Hierarchical_solver,128.0,512.0,64.0,2.0,2.0,20,-19576.0,-18788.5,-18430.0,-17923.0,-17360.0,-18408.9,103.46817042827607,,
Maxcut,,1024,0.05,50.859375,,8,4,Hierarchical_solver,128.0,256.0,32.0,4.0,2.0,20,-15852.0,-14779.0,-14318.0,-13600.5,-12348.0,-14192.3,187.5275118947029,,
Maxcut,,1024,0.05,50.859375,,8,8,Hierarchical_solver,128.0,128.0,16.0,8.0,2.0,20,-15648.0,-14712.5,-13928.0,-13373.0,-13092.0,-14092.6,111.62409843206406,,
Maxcut,,1024,0.05,50.859375,,8,16,Hierarchical_solver,128.0,64.0,8.0,16.0,2.0,20,-15592.0,-14587.5,-14274.0,-13580.5,-13304.0,-14165.7,139.60217376947404,,
Maxcut,,1024,0.05,50.859375,,8,32,Hierarchical_solver,128.0,32.0,4.0,32.0,2.0,20,-15648.0,-14709.0,-14376.0,-13799.5,-12908.0,-14320.3,289.61749985218046,,
Maxcut,,1024,0.05,50.859375,,8,64,Hierarchical_solver,128.0,16.0,2.0,64.0,2.0,20,-16190.0,-14821.0,-14411.0,-13768.0,-8732.0,-14170.8,381.48705253601076,,
Maxcut,,1024,0.05,50.859375,,8,128,Hierarchical_solver,128.0,8.0,1.0,128.0,2.0,20,-15592.0,-14723.5,-14274.0,-13543.5,-13092.0,-14198.0,882.6001910209656,,
Maxcut,,1024,0.05,50.859375,,8,256,Hierarchical_solver,128.0,4.0,0.5,256.0,2.0,0,,,,,,,,ValueError: Each subproblem needs at least one upper node,"make_hierarchy (ising/solvers/Hierarchical_solver.py:216), called from solve (ising/solvers/Hierarchical_solver.py:130), called from run_solver (ising/stages/simulation_stage.py:325)"
Maxcut,,1024,0.05,50.859375,,8,512,Hierarchical_solver,128.0,2.0,0.25,512.0,2.0,0,,,,,,,,ValueError: Each subproblem needs at least one upper node,"make_hierarchy (ising/solvers/Hierarchical_solver.py:216), called from solve (ising/solvers/Hierarchical_solver.py:130), called from run_solver (ising/stages/simulation_stage.py:325)"
Maxcut,,1024,0.05,50.859375,,8,1024,Hierarchical_solver,128.0,1.0,0.125,1024.0,2.0,0,,,,,,,,ValueError: Each subproblem needs at least one upper node,"make_hierarchy (ising/solvers/Hierarchical_solver.py:216), called from solve (ising/solvers/Hierarchical_solver.py:130), called from run_solver (ising/stages/simulation_stage.py:325)"
Maxcut,,1024,0.05,50.859375,,16,2,Hierarchical_solver,64.0,512.0,32.0,2.0,2.0,20,-21764.0,-21571.0,-21338.0,-21189.5,-19208.0,-21253.1,108.07166783809662,,
Maxcut,,1024,0.05,50.859375,,16,4,Hierarchical_solver,64.0,256.0,16.0,4.0,2.0,20,-19382.0,-19146.5,-18821.0,-18701.5,-18358.0,-18885.8,141.06825894117355,,
Maxcut,,1024,0.05,50.859375,,16,8,Hierarchical_solver,64.0,128.0,8.0,8.0,2.0,20,-18158.0,-17790.5,-17629.0,-17313.5,-16446.0,-17524.0,109.74787052869797,,
Maxcut,,1024,0.05,50.859375,,16,16,Hierarchical_solver,64.0,64.0,4.0,16.0,2.0,20,-18270.0,-17773.5,-17550.0,-17216.5,-16446.0,-17494.6,165.18833270072938,,
Maxcut,,1024,0.05,50.859375,,16,32,Hierarchical_solver,64.0,32.0,2.0,32.0,2.0,20,-18158.0,-17714.0,-17520.0,-17224.5,-16420.0,-17417.9,294.9805162906647,,
Maxcut,,1024,0.05,50.859375,,16,64,Hierarchical_solver,64.0,16.0,1.0,64.0,2.0,20,-18270.0,-17720.0,-17520.0,-17224.5,-16446.0,-17470.8,376.8917664766312,,
Maxcut,,1024,0.05,50.859375,,16,128,Hierarchical_solver,64.0,8.0,0.5,128.0,2.0,0,,,,,,,,ValueError: Each subproblem needs at least one upper node,"make_hierarchy (ising/solvers/Hierarchical_solver.py:216), called from solve (ising/solvers/Hierarchical_solver.py:130), called from run_solver (ising/stages/simulation_stage.py:325)"
Maxcut,,1024,0.05,50.859375,,16,256,Hierarchical_solver,64.0,4.0,0.25,256.0,2.0,0,,,,,,,,ValueError: Each subproblem needs at least one upper node,"make_hierarchy (ising/solvers/Hierarchical_solver.py:216), called from solve (ising/solvers/Hierarchical_solver.py:130), called from run_solver (ising/stages/simulation_stage.py:325)"
Maxcut,,1024,0.05,50.859375,,16,512,Hierarchical_solver,64.0,2.0,0.125,512.0,2.0,0,,,,,,,,ValueError: Each subproblem needs at least one upper node,"make_hierarchy (ising/solvers/Hierarchical_solver.py:216), called from solve (ising/solvers/Hierarchical_solver.py:130), called from run_solver (ising/stages/simulation_stage.py:325)"
Maxcut,,1024,0.05,50.859375,,16,1024,Hierarchical_solver,64.0,1.0,0.0625,1024.0,2.0,0,,,,,,,,ValueError: Each subproblem needs at least one upper node,"make_hierarchy (ising/solvers/Hierarchical_solver.py:216), called from solve (ising/solvers/Hierarchical_solver.py:130), called from run_solver (ising/stages/simulation_stage.py:325)"
Maxcut,,1024,0.05,50.859375,,32,2,Hierarchical_solver,32.0,512.0,16.0,2.0,2.0,0,,,,,,,,LinAlgError: The leading minor of order 46 of B is not positive definite. The factorization of B could not be completed and no eigenvalues or eigenvectors were computed.,"eigh (linalg/_decomp.py:593), called from partition_by_eigenvector (ising/utils/partitioning_schemes.py:72), called from partition_by_eigenvector (ising/utils/partitioning_schemes.py:79)"
Maxcut,,1024,0.05,50.859375,,32,4,Hierarchical_solver,32.0,256.0,8.0,4.0,2.0,0,,,,,,,,LinAlgError: The leading minor of order 46 of B is not positive definite. The factorization of B could not be completed and no eigenvalues or eigenvectors were computed.,"eigh (linalg/_decomp.py:593), called from partition_by_eigenvector (ising/utils/partitioning_schemes.py:72), called from partition_by_eigenvector (ising/utils/partitioning_schemes.py:79)"
Maxcut,,1024,0.05,50.859375,,32,8,Hierarchical_solver,32.0,128.0,4.0,8.0,2.0,0,,,,,,,,LinAlgError: The leading minor of order 46 of B is not positive definite. The factorization of B could not be completed and no eigenvalues or eigenvectors were computed.,"eigh (linalg/_decomp.py:593), called from partition_by_eigenvector (ising/utils/partitioning_schemes.py:72), called from partition_by_eigenvector (ising/utils/partitioning_schemes.py:79)"
Maxcut,,1024,0.05,50.859375,,32,16,Hierarchical_solver,32.0,64.0,2.0,16.0,2.0,0,,,,,,,,LinAlgError: The leading minor of order 46 of B is not positive definite. The factorization of B could not be completed and no eigenvalues or eigenvectors were computed.,"eigh (linalg/_decomp.py:593), called from partition_by_eigenvector (ising/utils/partitioning_schemes.py:72), called from partition_by_eigenvector (ising/utils/partitioning_schemes.py:79)"
Maxcut,,1024,0.05,50.859375,,32,32,Hierarchical_solver,32.0,32.0,1.0,32.0,2.0,0,,,,,,,,LinAlgError: The leading minor of order 46 of B is not positive definite. The factorization of B could not be completed and no eigenvalues or eigenvectors were computed.,"eigh (linalg/_decomp.py:593), called from partition_by_eigenvector (ising/utils/partitioning_schemes.py:72), called from partition_by_eigenvector (ising/utils/partitioning_schemes.py:79)"
Maxcut,,1024,0.05,50.859375,,32,64,Hierarchical_solver,32.0,16.0,0.5,64.0,2.0,0,,,,,,,,LinAlgError: The leading minor of order 46 of B is not positive definite. The factorization of B could not be completed and no eigenvalues or eigenvectors were computed.,"eigh (linalg/_decomp.py:593), called from partition_by_eigenvector (ising/utils/partitioning_schemes.py:72), called from partition_by_eigenvector (ising/utils/partitioning_schemes.py:79)"
Maxcut,,1024,0.05,50.859375,,32,128,Hierarchical_solver,32.0,8.0,0.25,128.0,2.0,0,,,,,,,,LinAlgError: The leading minor of order 46 of B is not positive definite. The factorization of B could not be completed and no eigenvalues or eigenvectors were computed.,"eigh (linalg/_decomp.py:593), called from partition_by_eigenvector (ising/utils/partitioning_schemes.py:72), called from partition_by_eigenvector (ising/utils/partitioning_schemes.py:79)"
Maxcut,,1024,0.05,50.859375,,32,256,Hierarchical_solver,32.0,4.0,0.125,256.0,2.0,0,,,,,,,,LinAlgError: The leading minor of order 46 of B is not positive definite. The factorization of B could not be completed and no eigenvalues or eigenvectors were computed.,"eigh (linalg/_decomp.py:593), called from partition_by_eigenvector (ising/utils/partitioning_schemes.py:72), called from partition_by_eigenvector (ising/utils/partitioning_schemes.py:79)"
Maxcut,,1024,0.05,50.859375,,32,512,Hierarchical_solver,32.0,2.0,0.0625,512.0,2.0,0,,,,,,,,LinAlgError: The leading minor of order 46 of B is not positive definite. The factorization of B could not be completed and no eigenvalues or eigenvectors were computed.,"eigh (linalg/_decomp.py:593), called from partition_by_eigenvector (ising/utils/partitioning_schemes.py:72), called from partition_by_eigenvector (ising/utils/partitioning_schemes.py:79)"
Maxcut,,1024,0.05,50.859375,,32,1024,Hierarchical_solver,32.0,1.0,0.03125,1024.0,2.0,0,,,,,,,,LinAlgError: The leading minor of order 46 of B is not positive definite. The factorization of B could not be completed and no eigenvalues or eigenvectors were computed.,"eigh (linalg/_decomp.py:593), called from partition_by_eigenvector (ising/utils/partitioning_schemes.py:72), called from partition_by_eigenvector (ising/utils/partitioning_schemes.py:79)"
Maxcut,,1024,0.05,50.859375,,64,2,Hierarchical_solver,16.0,512.0,8.0,2.0,2.0,0,,,,,,,,LinAlgError: The leading minor of order 23 of B is not positive definite. The factorization of B could not be completed and no eigenvalues or eigenvectors were computed.,"eigh (linalg/_decomp.py:593), called from partition_by_eigenvector (ising/utils/partitioning_schemes.py:72), called from partition_by_eigenvector (ising/utils/partitioning_schemes.py:79)"
Maxcut,,1024,0.05,50.859375,,64,4,Hierarchical_solver,16.0,256.0,4.0,4.0,2.0,0,,,,,,,,LinAlgError: The leading minor of order 23 of B is not positive definite. The factorization of B could not be completed and no eigenvalues or eigenvectors were computed.,"eigh (linalg/_decomp.py:593), called from partition_by_eigenvector (ising/utils/partitioning_schemes.py:72), called from partition_by_eigenvector (ising/utils/partitioning_schemes.py:79)"
Maxcut,,1024,0.05,50.859375,,64,8,Hierarchical_solver,16.0,128.0,2.0,8.0,2.0,0,,,,,,,,LinAlgError: The leading minor of order 23 of B is not positive definite. The factorization of B could not be completed and no eigenvalues or eigenvectors were computed.,"eigh (linalg/_decomp.py:593), called from partition_by_eigenvector (ising/utils/partitioning_schemes.py:72), called from partition_by_eigenvector (ising/utils/partitioning_schemes.py:79)"
Maxcut,,1024,0.05,50.859375,,64,16,Hierarchical_solver,16.0,64.0,1.0,16.0,2.0,0,,,,,,,,LinAlgError: The leading minor of order 23 of B is not positive definite. The factorization of B could not be completed and no eigenvalues or eigenvectors were computed.,"eigh (linalg/_decomp.py:593), called from partition_by_eigenvector (ising/utils/partitioning_schemes.py:72), called from partition_by_eigenvector (ising/utils/partitioning_schemes.py:79)"
Maxcut,,1024,0.05,50.859375,,64,32,Hierarchical_solver,16.0,32.0,0.5,32.0,2.0,0,,,,,,,,LinAlgError: The leading minor of order 23 of B is not positive definite. The factorization of B could not be completed and no eigenvalues or eigenvectors were computed.,"eigh (linalg/_decomp.py:593), called from partition_by_eigenvector (ising/utils/partitioning_schemes.py:72), called from partition_by_eigenvector (ising/utils/partitioning_schemes.py:79)"
Maxcut,,1024,0.05,50.859375,,64,64,Hierarchical_solver,16.0,16.0,0.25,64.0,2.0,0,,,,,,,,LinAlgError: The leading minor of order 23 of B is not positive definite. The factorization of B could not be completed and no eigenvalues or eigenvectors were computed.,"eigh (linalg/_decomp.py:593), called from partition_by_eigenvector (ising/utils/partitioning_schemes.py:72), called from partition_by_eigenvector (ising/utils/partitioning_schemes.py:79)"
Maxcut,,1024,0.05,50.859375,,64,128,Hierarchical_solver,16.0,8.0,0.125,128.0,2.0,0,,,,,,,,LinAlgError: The leading minor of order 23 of B is not positive definite. The factorization of B could not be completed and no eigenvalues or eigenvectors were computed.,"eigh (linalg/_decomp.py:593), called from partition_by_eigenvector (ising/utils/partitioning_schemes.py:72), called from partition_by_eigenvector (ising/utils/partitioning_schemes.py:79)"
Maxcut,,1024,0.05,50.859375,,64,256,Hierarchical_solver,16.0,4.0,0.0625,256.0,2.0,0,,,,,,,,LinAlgError: The leading minor of order 23 of B is not positive definite. The factorization of B could not be completed and no eigenvalues or eigenvectors were computed.,"eigh (linalg/_decomp.py:593), called from partition_by_eigenvector (ising/utils/partitioning_schemes.py:72), called from partition_by_eigenvector (ising/utils/partitioning_schemes.py:79)"
Maxcut,,1024,0.05,50.859375,,64,512,Hierarchical_solver,16.0,2.0,0.03125,512.0,2.0,0,,,,,,,,LinAlgError: The leading minor of order 23 of B is not positive definite. The factorization of B could not be completed and no eigenvalues or eigenvectors were computed.,"eigh (linalg/_decomp.py:593), called from partition_by_eigenvector (ising/utils/partitioning_schemes.py:72), called from partition_by_eigenvector (ising/utils/partitioning_schemes.py:79)"
Maxcut,,1024,0.05,50.859375,,64,1024,Hierarchical_solver,16.0,1.0,0.015625,1024.0,2.0,0,,,,,,,,LinAlgError: The leading minor of order 23 of B is not positive definite. The factorization of B could not be completed and no eigenvalues or eigenvectors were computed.,"eigh (linalg/_decomp.py:593), called from partition_by_eigenvector (ising/utils/partitioning_schemes.py:72), called from partition_by_eigenvector (ising/utils/partitioning_schemes.py:79)"
Maxcut,,1024,0.05,50.859375,,54,2,Hierarchical_solver,18.962962962962962,512.0,9.481481481481481,2.0,2.0,0,,,,,,,,ValueError: Eigenvector partitioning requires a power-of-two partition count no larger than the model,"partition_by_eigenvector (ising/utils/partitioning_schemes.py:58), called from make_modularity_partitioning (ising/utils/partitioning_schemes.py:27), called from solve (ising/solvers/Hierarchical_solver.py:127)"
Maxcut,,1024,0.05,50.859375,,54,4,Hierarchical_solver,18.962962962962962,256.0,4.7407407407407405,4.0,2.0,0,,,,,,,,ValueError: Eigenvector partitioning requires a power-of-two partition count no larger than the model,"partition_by_eigenvector (ising/utils/partitioning_schemes.py:58), called from make_modularity_partitioning (ising/utils/partitioning_schemes.py:27), called from solve (ising/solvers/Hierarchical_solver.py:127)"
Maxcut,,1024,0.05,50.859375,,54,8,Hierarchical_solver,18.962962962962962,128.0,2.3703703703703702,8.0,2.0,0,,,,,,,,ValueError: Eigenvector partitioning requires a power-of-two partition count no larger than the model,"partition_by_eigenvector (ising/utils/partitioning_schemes.py:58), called from make_modularity_partitioning (ising/utils/partitioning_schemes.py:27), called from solve (ising/solvers/Hierarchical_solver.py:127)"
Maxcut,,1024,0.05,50.859375,,54,16,Hierarchical_solver,18.962962962962962,64.0,1.1851851851851851,16.0,2.0,0,,,,,,,,ValueError: Eigenvector partitioning requires a power-of-two partition count no larger than the model,"partition_by_eigenvector (ising/utils/partitioning_schemes.py:58), called from make_modularity_partitioning (ising/utils/partitioning_schemes.py:27), called from solve (ising/solvers/Hierarchical_solver.py:127)"
Maxcut,,1024,0.05,50.859375,,54,32,Hierarchical_solver,18.962962962962962,32.0,0.5925925925925926,32.0,2.0,0,,,,,,,,ValueError: Eigenvector partitioning requires a power-of-two partition count no larger than the model,"partition_by_eigenvector (ising/utils/partitioning_schemes.py:58), called from make_modularity_partitioning (ising/utils/partitioning_schemes.py:27), called from solve (ising/solvers/Hierarchical_solver.py:127)"
Maxcut,,1024,0.05,50.859375,,54,64,Hierarchical_solver,18.962962962962962,16.0,0.2962962962962963,64.0,2.0,0,,,,,,,,ValueError: Eigenvector partitioning requires a power-of-two partition count no larger than the model,"partition_by_eigenvector (ising/utils/partitioning_schemes.py:58), called from make_modularity_partitioning (ising/utils/partitioning_schemes.py:27), called from solve (ising/solvers/Hierarchical_solver.py:127)"
Maxcut,,1024,0.05,50.859375,,54,128,Hierarchical_solver,18.962962962962962,8.0,0.14814814814814814,128.0,2.0,0,,,,,,,,ValueError: Eigenvector partitioning requires a power-of-two partition count no larger than the model,"partition_by_eigenvector (ising/utils/partitioning_schemes.py:58), called from make_modularity_partitioning (ising/utils/partitioning_schemes.py:27), called from solve (ising/solvers/Hierarchical_solver.py:127)"
Maxcut,,1024,0.05,50.859375,,54,256,Hierarchical_solver,18.962962962962962,4.0,0.07407407407407407,256.0,2.0,0,,,,,,,,ValueError: Eigenvector partitioning requires a power-of-two partition count no larger than the model,"partition_by_eigenvector (ising/utils/partitioning_schemes.py:58), called from make_modularity_partitioning (ising/utils/partitioning_schemes.py:27), called from solve (ising/solvers/Hierarchical_solver.py:127)"
Maxcut,,1024,0.05,50.859375,,54,512,Hierarchical_solver,18.962962962962962,2.0,0.037037037037037035,512.0,2.0,0,,,,,,,,ValueError: Eigenvector partitioning requires a power-of-two partition count no larger than the model,"partition_by_eigenvector (ising/utils/partitioning_schemes.py:58), called from make_modularity_partitioning (ising/utils/partitioning_schemes.py:27), called from solve (ising/solvers/Hierarchical_solver.py:127)"
Maxcut,,1024,0.05,50.859375,,54,1024,Hierarchical_solver,18.962962962962962,1.0,0.018518518518518517,1024.0,2.0,0,,,,,,,,ValueError: Eigenvector partitioning requires a power-of-two partition count no larger than the model,"partition_by_eigenvector (ising/utils/partitioning_schemes.py:58), called from make_modularity_partitioning (ising/utils/partitioning_schemes.py:27), called from solve (ising/solvers/Hierarchical_solver.py:127)"
Maxcut,,1024,0.05,50.859375,,128,2,Hierarchical_solver,8.0,512.0,4.0,2.0,2.0,0,,,,,,,,LinAlgError: The leading minor of order 13 of B is not positive definite. The factorization of B could not be completed and no eigenvalues or eigenvectors were computed.,"eigh (linalg/_decomp.py:593), called from partition_by_eigenvector (ising/utils/partitioning_schemes.py:72), called from partition_by_eigenvector (ising/utils/partitioning_schemes.py:79)"
Maxcut,,1024,0.05,50.859375,,128,4,Hierarchical_solver,8.0,256.0,2.0,4.0,2.0,0,,,,,,,,LinAlgError: The leading minor of order 13 of B is not positive definite. The factorization of B could not be completed and no eigenvalues or eigenvectors were computed.,"eigh (linalg/_decomp.py:593), called from partition_by_eigenvector (ising/utils/partitioning_schemes.py:72), called from partition_by_eigenvector (ising/utils/partitioning_schemes.py:79)"
Maxcut,,1024,0.05,50.859375,,128,8,Hierarchical_solver,8.0,128.0,1.0,8.0,2.0,0,,,,,,,,LinAlgError: The leading minor of order 13 of B is not positive definite. The factorization of B could not be completed and no eigenvalues or eigenvectors were computed.,"eigh (linalg/_decomp.py:593), called from partition_by_eigenvector (ising/utils/partitioning_schemes.py:72), called from partition_by_eigenvector (ising/utils/partitioning_schemes.py:79)"
Maxcut,,1024,0.05,50.859375,,128,16,Hierarchical_solver,8.0,64.0,0.5,16.0,2.0,0,,,,,,,,LinAlgError: The leading minor of order 13 of B is not positive definite. The factorization of B could not be completed and no eigenvalues or eigenvectors were computed.,"eigh (linalg/_decomp.py:593), called from partition_by_eigenvector (ising/utils/partitioning_schemes.py:72), called from partition_by_eigenvector (ising/utils/partitioning_schemes.py:79)"
Maxcut,,1024,0.05,50.859375,,128,32,Hierarchical_solver,8.0,32.0,0.25,32.0,2.0,0,,,,,,,,LinAlgError: The leading minor of order 13 of B is not positive definite. The factorization of B could not be completed and no eigenvalues or eigenvectors were computed.,"eigh (linalg/_decomp.py:593), called from partition_by_eigenvector (ising/utils/partitioning_schemes.py:72), called from partition_by_eigenvector (ising/utils/partitioning_schemes.py:79)"
Maxcut,,1024,0.05,50.859375,,128,64,Hierarchical_solver,8.0,16.0,0.125,64.0,2.0,0,,,,,,,,LinAlgError: The leading minor of order 13 of B is not positive definite. The factorization of B could not be completed and no eigenvalues or eigenvectors were computed.,"eigh (linalg/_decomp.py:593), called from partition_by_eigenvector (ising/utils/partitioning_schemes.py:72), called from partition_by_eigenvector (ising/utils/partitioning_schemes.py:79)"
Maxcut,,1024,0.05,50.859375,,128,128,Hierarchical_solver,8.0,8.0,0.0625,128.0,2.0,0,,,,,,,,LinAlgError: The leading minor of order 13 of B is not positive definite. The factorization of B could not be completed and no eigenvalues or eigenvectors were computed.,"eigh (linalg/_decomp.py:593), called from partition_by_eigenvector (ising/utils/partitioning_schemes.py:72), called from partition_by_eigenvector (ising/utils/partitioning_schemes.py:79)"
Maxcut,,1024,0.05,50.859375,,128,256,Hierarchical_solver,8.0,4.0,0.03125,256.0,2.0,0,,,,,,,,LinAlgError: The leading minor of order 13 of B is not positive definite. The factorization of B could not be completed and no eigenvalues or eigenvectors were computed.,"eigh (linalg/_decomp.py:593), called from partition_by_eigenvector (ising/utils/partitioning_schemes.py:72), called from partition_by_eigenvector (ising/utils/partitioning_schemes.py:79)"
Maxcut,,1024,0.05,50.859375,,128,512,Hierarchical_solver,8.0,2.0,0.015625,512.0,2.0,0,,,,,,,,LinAlgError: The leading minor of order 13 of B is not positive definite. The factorization of B could not be completed and no eigenvalues or eigenvectors were computed.,"eigh (linalg/_decomp.py:593), called from partition_by_eigenvector (ising/utils/partitioning_schemes.py:72), called from partition_by_eigenvector (ising/utils/partitioning_schemes.py:79)"
Maxcut,,1024,0.05,50.859375,,128,1024,Hierarchical_solver,8.0,1.0,0.0078125,1024.0,2.0,0,,,,,,,,LinAlgError: The leading minor of order 13 of B is not positive definite. The factorization of B could not be completed and no eigenvalues or eigenvectors were computed.,"eigh (linalg/_decomp.py:593), called from partition_by_eigenvector (ising/utils/partitioning_schemes.py:72), called from partition_by_eigenvector (ising/utils/partitioning_schemes.py:79)"
Maxcut,,1024,0.05,50.859375,,256,2,Hierarchical_solver,4.0,512.0,2.0,2.0,2.0,0,,,,,,,,LinAlgError: The leading minor of order 5 of B is not positive definite. The factorization of B could not be completed and no eigenvalues or eigenvectors were computed.,"eigh (linalg/_decomp.py:593), called from partition_by_eigenvector (ising/utils/partitioning_schemes.py:72), called from partition_by_eigenvector (ising/utils/partitioning_schemes.py:79)"
Maxcut,,1024,0.05,50.859375,,256,4,Hierarchical_solver,4.0,256.0,1.0,4.0,2.0,0,,,,,,,,LinAlgError: The leading minor of order 5 of B is not positive definite. The factorization of B could not be completed and no eigenvalues or eigenvectors were computed.,"eigh (linalg/_decomp.py:593), called from partition_by_eigenvector (ising/utils/partitioning_schemes.py:72), called from partition_by_eigenvector (ising/utils/partitioning_schemes.py:79)"
Maxcut,,1024,0.05,50.859375,,256,8,Hierarchical_solver,4.0,128.0,0.5,8.0,2.0,0,,,,,,,,LinAlgError: The leading minor of order 5 of B is not positive definite. The factorization of B could not be completed and no eigenvalues or eigenvectors were computed.,"eigh (linalg/_decomp.py:593), called from partition_by_eigenvector (ising/utils/partitioning_schemes.py:72), called from partition_by_eigenvector (ising/utils/partitioning_schemes.py:79)"
Maxcut,,1024,0.05,50.859375,,256,16,Hierarchical_solver,4.0,64.0,0.25,16.0,2.0,0,,,,,,,,LinAlgError: The leading minor of order 5 of B is not positive definite. The factorization of B could not be completed and no eigenvalues or eigenvectors were computed.,"eigh (linalg/_decomp.py:593), called from partition_by_eigenvector (ising/utils/partitioning_schemes.py:72), called from partition_by_eigenvector (ising/utils/partitioning_schemes.py:79)"
Maxcut,,1024,0.05,50.859375,,256,32,Hierarchical_solver,4.0,32.0,0.125,32.0,2.0,0,,,,,,,,LinAlgError: The leading minor of order 5 of B is not positive definite. The factorization of B could not be completed and no eigenvalues or eigenvectors were computed.,"eigh (linalg/_decomp.py:593), called from partition_by_eigenvector (ising/utils/partitioning_schemes.py:72), called from partition_by_eigenvector (ising/utils/partitioning_schemes.py:79)"
Maxcut,,1024,0.05,50.859375,,256,64,Hierarchical_solver,4.0,16.0,0.0625,64.0,2.0,0,,,,,,,,LinAlgError: The leading minor of order 5 of B is not positive definite. The factorization of B could not be completed and no eigenvalues or eigenvectors were computed.,"eigh (linalg/_decomp.py:593), called from partition_by_eigenvector (ising/utils/partitioning_schemes.py:72), called from partition_by_eigenvector (ising/utils/partitioning_schemes.py:79)"
Maxcut,,1024,0.05,50.859375,,256,128,Hierarchical_solver,4.0,8.0,0.03125,128.0,2.0,0,,,,,,,,LinAlgError: The leading minor of order 5 of B is not positive definite. The factorization of B could not be completed and no eigenvalues or eigenvectors were computed.,"eigh (linalg/_decomp.py:593), called from partition_by_eigenvector (ising/utils/partitioning_schemes.py:72), called from partition_by_eigenvector (ising/utils/partitioning_schemes.py:79)"
Maxcut,,1024,0.05,50.859375,,256,256,Hierarchical_solver,4.0,4.0,0.015625,256.0,2.0,0,,,,,,,,LinAlgError: The leading minor of order 5 of B is not positive definite. The factorization of B could not be completed and no eigenvalues or eigenvectors were computed.,"eigh (linalg/_decomp.py:593), called from partition_by_eigenvector (ising/utils/partitioning_schemes.py:72), called from partition_by_eigenvector (ising/utils/partitioning_schemes.py:79)"
Maxcut,,1024,0.05,50.859375,,256,512,Hierarchical_solver,4.0,2.0,0.0078125,512.0,2.0,0,,,,,,,,LinAlgError: The leading minor of order 5 of B is not positive definite. The factorization of B could not be completed and no eigenvalues or eigenvectors were computed.,"eigh (linalg/_decomp.py:593), called from partition_by_eigenvector (ising/utils/partitioning_schemes.py:72), called from partition_by_eigenvector (ising/utils/partitioning_schemes.py:79)"
Maxcut,,1024,0.05,50.859375,,256,1024,Hierarchical_solver,4.0,1.0,0.00390625,1024.0,2.0,0,,,,,,,,LinAlgError: The leading minor of order 5 of B is not positive definite. The factorization of B could not be completed and no eigenvalues or eigenvectors were computed.,"eigh (linalg/_decomp.py:593), called from partition_by_eigenvector (ising/utils/partitioning_schemes.py:72), called from partition_by_eigenvector (ising/utils/partitioning_schemes.py:79)"
Maxcut,,1024,0.05,50.859375,,512,2,Hierarchical_solver,2.0,512.0,1.0,2.0,2.0,0,,,,,,,,LinAlgError: The leading minor of order 4 of B is not positive definite. The factorization of B could not be completed and no eigenvalues or eigenvectors were computed.,"eigh (linalg/_decomp.py:593), called from partition_by_eigenvector (ising/utils/partitioning_schemes.py:72), called from partition_by_eigenvector (ising/utils/partitioning_schemes.py:79)"
Maxcut,,1024,0.05,50.859375,,512,4,Hierarchical_solver,2.0,256.0,0.5,4.0,2.0,0,,,,,,,,LinAlgError: The leading minor of order 4 of B is not positive definite. The factorization of B could not be completed and no eigenvalues or eigenvectors were computed.,"eigh (linalg/_decomp.py:593), called from partition_by_eigenvector (ising/utils/partitioning_schemes.py:72), called from partition_by_eigenvector (ising/utils/partitioning_schemes.py:79)"
Maxcut,,1024,0.05,50.859375,,512,8,Hierarchical_solver,2.0,128.0,0.25,8.0,2.0,0,,,,,,,,LinAlgError: The leading minor of order 4 of B is not positive definite. The factorization of B could not be completed and no eigenvalues or eigenvectors were computed.,"eigh (linalg/_decomp.py:593), called from partition_by_eigenvector (ising/utils/partitioning_schemes.py:72), called from partition_by_eigenvector (ising/utils/partitioning_schemes.py:79)"
Maxcut,,1024,0.05,50.859375,,512,16,Hierarchical_solver,2.0,64.0,0.125,16.0,2.0,0,,,,,,,,LinAlgError: The leading minor of order 4 of B is not positive definite. The factorization of B could not be completed and no eigenvalues or eigenvectors were computed.,"eigh (linalg/_decomp.py:593), called from partition_by_eigenvector (ising/utils/partitioning_schemes.py:72), called from partition_by_eigenvector (ising/utils/partitioning_schemes.py:79)"
Maxcut,,1024,0.05,50.859375,,512,32,Hierarchical_solver,2.0,32.0,0.0625,32.0,2.0,0,,,,,,,,LinAlgError: The leading minor of order 4 of B is not positive definite. The factorization of B could not be completed and no eigenvalues or eigenvectors were computed.,"eigh (linalg/_decomp.py:593), called from partition_by_eigenvector (ising/utils/partitioning_schemes.py:72), called from partition_by_eigenvector (ising/utils/partitioning_schemes.py:79)"
Maxcut,,1024,0.05,50.859375,,512,64,Hierarchical_solver,2.0,16.0,0.03125,64.0,2.0,0,,,,,,,,LinAlgError: The leading minor of order 4 of B is not positive definite. The factorization of B could not be completed and no eigenvalues or eigenvectors were computed.,"eigh (linalg/_decomp.py:593), called from partition_by_eigenvector (ising/utils/partitioning_schemes.py:72), called from partition_by_eigenvector (ising/utils/partitioning_schemes.py:79)"
Maxcut,,1024,0.05,50.859375,,512,128,Hierarchical_solver,2.0,8.0,0.015625,128.0,2.0,0,,,,,,,,LinAlgError: The leading minor of order 4 of B is not positive definite. The factorization of B could not be completed and no eigenvalues or eigenvectors were computed.,"eigh (linalg/_decomp.py:593), called from partition_by_eigenvector (ising/utils/partitioning_schemes.py:72), called from partition_by_eigenvector (ising/utils/partitioning_schemes.py:79)"
Maxcut,,1024,0.05,50.859375,,512,256,Hierarchical_solver,2.0,4.0,0.0078125,256.0,2.0,0,,,,,,,,LinAlgError: The leading minor of order 4 of B is not positive definite. The factorization of B could not be completed and no eigenvalues or eigenvectors were computed.,"eigh (linalg/_decomp.py:593), called from partition_by_eigenvector (ising/utils/partitioning_schemes.py:72), called from partition_by_eigenvector (ising/utils/partitioning_schemes.py:79)"
Maxcut,,1024,0.05,50.859375,,512,512,Hierarchical_solver,2.0,2.0,0.00390625,512.0,2.0,0,,,,,,,,LinAlgError: The leading minor of order 4 of B is not positive definite. The factorization of B could not be completed and no eigenvalues or eigenvectors were computed.,"eigh (linalg/_decomp.py:593), called from partition_by_eigenvector (ising/utils/partitioning_schemes.py:72), called from partition_by_eigenvector (ising/utils/partitioning_schemes.py:79)"
Maxcut,,1024,0.05,50.859375,,512,1024,Hierarchical_solver,2.0,1.0,0.001953125,1024.0,2.0,0,,,,,,,,LinAlgError: The leading minor of order 4 of B is not positive definite. The factorization of B could not be completed and no eigenvalues or eigenvectors were computed.,"eigh (linalg/_decomp.py:593), called from partition_by_eigenvector (ising/utils/partitioning_schemes.py:72), called from partition_by_eigenvector (ising/utils/partitioning_schemes.py:79)"
Maxcut,,1024,0.05,50.859375,,1024,2,Hierarchical_solver,1.0,512.0,0.5,2.0,2.0,0,,,,,,,,ValueError: Each subproblem needs at least one upper node,"make_hierarchy (ising/solvers/Hierarchical_solver.py:216), called from solve (ising/solvers/Hierarchical_solver.py:130), called from run_solver (ising/stages/simulation_stage.py:325)"
Maxcut,,1024,0.05,50.859375,,1024,4,Hierarchical_solver,1.0,256.0,0.25,4.0,2.0,0,,,,,,,,ValueError: Each subproblem needs at least one upper node,"make_hierarchy (ising/solvers/Hierarchical_solver.py:216), called from solve (ising/solvers/Hierarchical_solver.py:130), called from run_solver (ising/stages/simulation_stage.py:325)"
Maxcut,,1024,0.05,50.859375,,1024,8,Hierarchical_solver,1.0,128.0,0.125,8.0,2.0,0,,,,,,,,ValueError: Each subproblem needs at least one upper node,"make_hierarchy (ising/solvers/Hierarchical_solver.py:216), called from solve (ising/solvers/Hierarchical_solver.py:130), called from run_solver (ising/stages/simulation_stage.py:325)"
Maxcut,,1024,0.05,50.859375,,1024,16,Hierarchical_solver,1.0,64.0,0.0625,16.0,2.0,0,,,,,,,,ValueError: Each subproblem needs at least one upper node,"make_hierarchy (ising/solvers/Hierarchical_solver.py:216), called from solve (ising/solvers/Hierarchical_solver.py:130), called from run_solver (ising/stages/simulation_stage.py:325)"
Maxcut,,1024,0.05,50.859375,,1024,32,Hierarchical_solver,1.0,32.0,0.03125,32.0,2.0,0,,,,,,,,ValueError: Each subproblem needs at least one upper node,"make_hierarchy (ising/solvers/Hierarchical_solver.py:216), called from solve (ising/solvers/Hierarchical_solver.py:130), called from run_solver (ising/stages/simulation_stage.py:325)"
Maxcut,,1024,0.05,50.859375,,1024,64,Hierarchical_solver,1.0,16.0,0.015625,64.0,2.0,0,,,,,,,,ValueError: Each subproblem needs at least one upper node,"make_hierarchy (ising/solvers/Hierarchical_solver.py:216), called from solve (ising/solvers/Hierarchical_solver.py:130), called from run_solver (ising/stages/simulation_stage.py:325)"
Maxcut,,1024,0.05,50.859375,,1024,128,Hierarchical_solver,1.0,8.0,0.0078125,128.0,2.0,0,,,,,,,,ValueError: Each subproblem needs at least one upper node,"make_hierarchy (ising/solvers/Hierarchical_solver.py:216), called from solve (ising/solvers/Hierarchical_solver.py:130), called from run_solver (ising/stages/simulation_stage.py:325)"
Maxcut,,1024,0.05,50.859375,,1024,256,Hierarchical_solver,1.0,4.0,0.00390625,256.0,2.0,0,,,,,,,,ValueError: Each subproblem needs at least one upper node,"make_hierarchy (ising/solvers/Hierarchical_solver.py:216), called from solve (ising/solvers/Hierarchical_solver.py:130), called from run_solver (ising/stages/simulation_stage.py:325)"
Maxcut,,1024,0.05,50.859375,,1024,512,Hierarchical_solver,1.0,2.0,0.001953125,512.0,2.0,0,,,,,,,,ValueError: Each subproblem needs at least one upper node,"make_hierarchy (ising/solvers/Hierarchical_solver.py:216), called from solve (ising/solvers/Hierarchical_solver.py:130), called from run_solver (ising/stages/simulation_stage.py:325)"
Maxcut,,1024,0.05,50.859375,,1024,1024,Hierarchical_solver,1.0,1.0,0.0009765625,1024.0,2.0,0,,,,,,,,ValueError: Each subproblem needs at least one upper node,"make_hierarchy (ising/solvers/Hierarchical_solver.py:216), called from solve (ising/solvers/Hierarchical_solver.py:130), called from run_solver (ising/stages/simulation_stage.py:325)"
Maxcut,,1024,0.05,50.859375,,1,0,Multiplicative,,,,,,20,-23522.0,-23255.0,-23107.0,-22856.5,-22542.0,-23052.8,37.375416171550754,,
