problem_type,num_spins,connectivity,connections_per_spin,nb_partitions,nb_node_per_meta_nodes,solver,spins_per_partition,total_meta_nodes,meta_nodes_per_partition,spins_per_meta_node,nb_sweeps,nb_trials,en_min,en_25,en_50,en_75,en_max,en_mean,time_mean
Maxcut,1024,1.0,1023.0,1,1,Hierarchical_solver,1024.0,1024.0,1024.0,1.0,2.0,20,-105214.0,-102635.0,-101627.0,-100950.5,-99052.0,-101820.7,
Maxcut,1024,1.0,1023.0,1,1,Hierarchical_solver,1024.0,1024.0,1024.0,1.0,3.0,20,-105214.0,-102635.0,-101661.0,-100950.5,-99052.0,-101824.6,
Maxcut,1024,1.0,1023.0,1,1,Hierarchical_solver,1024.0,1024.0,1024.0,1.0,4.0,20,-105214.0,-102635.0,-101661.0,-100950.5,-99052.0,-101825.2,0.0
Maxcut,1024,1.0,1023.0,1,2,Hierarchical_solver,1024.0,512.0,512.0,2.0,2.0,20,-104514.0,-102387.0,-101880.0,-101170.0,-100446.0,-101939.8,
Maxcut,1024,1.0,1023.0,1,2,Hierarchical_solver,1024.0,512.0,512.0,2.0,3.0,20,-104514.0,-102488.0,-101880.0,-101184.5,-100446.0,-101960.6,
Maxcut,1024,1.0,1023.0,1,2,Hierarchical_solver,1024.0,512.0,512.0,2.0,4.0,20,-104514.0,-102488.0,-101880.0,-101288.5,-100446.0,-101970.5,36.65559140443802
Maxcut,1024,1.0,1023.0,1,4,Hierarchical_solver,1024.0,256.0,256.0,4.0,2.0,20,-104514.0,-102387.0,-101880.0,-101170.0,-100446.0,-101939.8,
Maxcut,1024,1.0,1023.0,1,4,Hierarchical_solver,1024.0,256.0,256.0,4.0,3.0,20,-104514.0,-102488.0,-101880.0,-101184.5,-100446.0,-101960.6,
Maxcut,1024,1.0,1023.0,1,4,Hierarchical_solver,1024.0,256.0,256.0,4.0,4.0,20,-104514.0,-102488.0,-101880.0,-101288.5,-100446.0,-101970.5,82.47868165969848
Maxcut,1024,1.0,1023.0,1,5,Hierarchical_solver,1024.0,204.0,204.0,5.019607843137255,2.0,20,-104514.0,-102387.0,-101880.0,-101170.0,-100446.0,-101939.8,
Maxcut,1024,1.0,1023.0,1,5,Hierarchical_solver,1024.0,204.0,204.0,5.019607843137255,3.0,20,-104514.0,-102488.0,-101880.0,-101184.5,-100446.0,-101960.6,
Maxcut,1024,1.0,1023.0,1,5,Hierarchical_solver,1024.0,204.0,204.0,5.019607843137255,4.0,20,-104514.0,-102488.0,-101880.0,-101288.5,-100446.0,-101970.5,113.94221079349518
Maxcut,1024,1.0,1023.0,2,1,Hierarchical_solver,512.0,1024.0,512.0,1.0,2.0,20,-103360.0,-102376.5,-101901.0,-101126.0,-100110.0,-101758.5,
Maxcut,1024,1.0,1023.0,2,1,Hierarchical_solver,512.0,1024.0,512.0,1.0,3.0,20,-103360.0,-102441.0,-102084.0,-101185.0,-100120.0,-101824.2,
Maxcut,1024,1.0,1023.0,2,1,Hierarchical_solver,512.0,1024.0,512.0,1.0,4.0,20,-103360.0,-102441.0,-102115.0,-101185.0,-100120.0,-101832.7,0.0
Maxcut,1024,1.0,1023.0,2,2,Hierarchical_solver,512.0,512.0,256.0,2.0,2.0,20,-25066.0,-16770.5,-14344.0,-10037.5,-6568.0,-14353.2,
Maxcut,1024,1.0,1023.0,2,2,Hierarchical_solver,512.0,512.0,256.0,2.0,3.0,20,-25066.0,-19551.0,-16546.0,-14173.5,-7932.0,-16809.9,
Maxcut,1024,1.0,1023.0,2,2,Hierarchical_solver,512.0,512.0,256.0,2.0,4.0,20,-25066.0,-19551.0,-16231.0,-13756.5,-6192.0,-16278.3,21.360089421272278
Maxcut,1024,1.0,1023.0,2,4,Hierarchical_solver,512.0,256.0,128.0,4.0,2.0,20,-24190.0,-20861.5,-18254.0,-16107.0,-10616.0,-17960.7,
Maxcut,1024,1.0,1023.0,2,4,Hierarchical_solver,512.0,256.0,128.0,4.0,3.0,20,-24190.0,-20861.5,-18254.0,-16107.0,-9864.0,-17947.6,
Maxcut,1024,1.0,1023.0,2,4,Hierarchical_solver,512.0,256.0,128.0,4.0,4.0,20,-24190.0,-20861.5,-18254.0,-16107.0,-9864.0,-17984.6,38.76321368217468
Maxcut,1024,1.0,1023.0,2,5,Hierarchical_solver,512.0,204.0,102.0,5.019607843137255,2.0,20,-28782.0,-19232.0,-16431.0,-11956.5,-3214.0,-15908.9,
Maxcut,1024,1.0,1023.0,2,5,Hierarchical_solver,512.0,204.0,102.0,5.019607843137255,3.0,20,-28782.0,-20439.5,-17892.0,-15698.5,-1834.0,-17368.3,
Maxcut,1024,1.0,1023.0,2,5,Hierarchical_solver,512.0,204.0,102.0,5.019607843137255,4.0,20,-28782.0,-19232.0,-16431.0,-13423.5,-1834.0,-15957.5,48.30441043376923
Maxcut,1024,1.0,1023.0,4,1,Hierarchical_solver,256.0,1024.0,256.0,1.0,2.0,20,-104378.0,-102807.5,-102126.0,-101163.0,-99708.0,-102026.1,
Maxcut,1024,1.0,1023.0,4,1,Hierarchical_solver,256.0,1024.0,256.0,1.0,3.0,20,-104378.0,-102870.5,-102126.0,-101175.0,-99774.0,-102052.9,
Maxcut,1024,1.0,1023.0,4,1,Hierarchical_solver,256.0,1024.0,256.0,1.0,4.0,20,-104378.0,-102890.0,-102126.0,-101175.0,-99774.0,-102061.5,0.0
Maxcut,1024,1.0,1023.0,4,2,Hierarchical_solver,256.0,512.0,128.0,2.0,2.0,20,-45160.0,-41587.5,-37747.0,-35869.5,-30054.0,-37888.8,
Maxcut,1024,1.0,1023.0,4,2,Hierarchical_solver,256.0,512.0,128.0,2.0,3.0,20,-46470.0,-43865.5,-41330.0,-37443.0,-28468.0,-40613.0,
Maxcut,1024,1.0,1023.0,4,2,Hierarchical_solver,256.0,512.0,128.0,2.0,4.0,20,-51444.0,-42916.0,-39116.0,-37849.0,-29816.0,-40084.7,22.720597410202025
Maxcut,1024,1.0,1023.0,4,4,Hierarchical_solver,256.0,256.0,64.0,4.0,2.0,20,-45564.0,-39313.5,-37532.0,-35202.5,-32468.0,-37997.3,
Maxcut,1024,1.0,1023.0,4,4,Hierarchical_solver,256.0,256.0,64.0,4.0,3.0,20,-44326.0,-40762.0,-38327.0,-36547.0,-33120.0,-38653.0,
Maxcut,1024,1.0,1023.0,4,4,Hierarchical_solver,256.0,256.0,64.0,4.0,4.0,20,-45608.0,-40762.0,-38528.0,-36664.0,-33120.0,-38829.4,36.782856690883634
Maxcut,1024,1.0,1023.0,4,5,Hierarchical_solver,256.0,204.0,51.0,5.019607843137255,2.0,20,-45000.0,-40730.5,-37445.0,-35037.5,-29366.0,-37679.9,
Maxcut,1024,1.0,1023.0,4,5,Hierarchical_solver,256.0,204.0,51.0,5.019607843137255,3.0,20,-45000.0,-40814.5,-37661.0,-35189.0,-29366.0,-37833.9,
Maxcut,1024,1.0,1023.0,4,5,Hierarchical_solver,256.0,204.0,51.0,5.019607843137255,4.0,20,-45000.0,-40814.5,-37661.0,-35189.0,-29366.0,-37829.3,33.006568503379825
Maxcut,1024,1.0,1023.0,8,1,Hierarchical_solver,128.0,1024.0,128.0,1.0,2.0,20,-104098.0,-102190.5,-101480.0,-100158.5,-98386.0,-101288.2,
Maxcut,1024,1.0,1023.0,8,1,Hierarchical_solver,128.0,1024.0,128.0,1.0,3.0,20,-104098.0,-102217.5,-101588.0,-100160.0,-98424.0,-101305.6,
Maxcut,1024,1.0,1023.0,8,1,Hierarchical_solver,128.0,1024.0,128.0,1.0,4.0,20,-104098.0,-102237.0,-101601.0,-100572.5,-98424.0,-101342.7,0.0
Maxcut,1024,1.0,1023.0,8,2,Hierarchical_solver,128.0,512.0,64.0,2.0,2.0,20,-81568.0,-78903.5,-77560.0,-75785.0,-71536.0,-77308.3,
Maxcut,1024,1.0,1023.0,8,2,Hierarchical_solver,128.0,512.0,64.0,2.0,3.0,20,-82220.0,-79744.0,-78381.0,-77010.0,-75054.0,-78363.3,
Maxcut,1024,1.0,1023.0,8,2,Hierarchical_solver,128.0,512.0,64.0,2.0,4.0,20,-82880.0,-80338.5,-78800.0,-77409.0,-75054.0,-78932.4,21.566769576072694
Maxcut,1024,1.0,1023.0,8,4,Hierarchical_solver,128.0,256.0,32.0,4.0,2.0,20,-73746.0,-69821.0,-67684.0,-66601.5,-63240.0,-68008.6,
Maxcut,1024,1.0,1023.0,8,4,Hierarchical_solver,128.0,256.0,32.0,4.0,3.0,20,-74276.0,-71202.0,-68516.0,-67652.5,-62946.0,-68959.3,
Maxcut,1024,1.0,1023.0,8,4,Hierarchical_solver,128.0,256.0,32.0,4.0,4.0,20,-74304.0,-71193.5,-68662.0,-67328.5,-62946.0,-68895.5,32.25110116004944
Maxcut,1024,1.0,1023.0,8,5,Hierarchical_solver,128.0,204.0,25.5,5.019607843137255,2.0,20,-67120.0,-65113.5,-64029.0,-60317.0,-54380.0,-62778.3,
Maxcut,1024,1.0,1023.0,8,5,Hierarchical_solver,128.0,204.0,25.5,5.019607843137255,3.0,20,-69086.0,-64997.5,-64179.0,-60988.0,-56588.0,-63175.9,
Maxcut,1024,1.0,1023.0,8,5,Hierarchical_solver,128.0,204.0,25.5,5.019607843137255,4.0,20,-69086.0,-65330.0,-64109.0,-62033.5,-56588.0,-63374.0,44.524093413352965
Maxcut,1024,1.0,1023.0,1,0,Multiplicative,,,,,,20,-104506.0,-102277.5,-101880.0,-101088.0,-99656.0,-101807.9,8.766680693626403
Maxcut,1024,0.9,920.53125,1,1,Hierarchical_solver,1024.0,1024.0,1024.0,1.0,2.0,20,-99096.0,-97521.0,-96819.0,-95631.5,-94414.0,-96706.6,
Maxcut,1024,0.9,920.53125,1,1,Hierarchical_solver,1024.0,1024.0,1024.0,1.0,3.0,20,-99114.0,-97521.0,-96819.0,-95790.5,-94414.0,-96742.7,
Maxcut,1024,0.9,920.53125,1,1,Hierarchical_solver,1024.0,1024.0,1024.0,1.0,4.0,20,-99114.0,-97521.0,-96819.0,-95790.5,-94414.0,-96742.7,0.0
Maxcut,1024,0.9,920.53125,1,2,Hierarchical_solver,1024.0,512.0,512.0,2.0,2.0,20,-98692.0,-96980.5,-96018.0,-95295.5,-94240.0,-96149.1,
Maxcut,1024,0.9,920.53125,1,2,Hierarchical_solver,1024.0,512.0,512.0,2.0,3.0,20,-99130.0,-97007.5,-96018.0,-95297.5,-94240.0,-96179.2,
Maxcut,1024,0.9,920.53125,1,2,Hierarchical_solver,1024.0,512.0,512.0,2.0,4.0,20,-99130.0,-97007.5,-96018.0,-95297.5,-94240.0,-96179.2,43.11441593170166
Maxcut,1024,0.9,920.53125,1,4,Hierarchical_solver,1024.0,256.0,256.0,4.0,2.0,20,-98692.0,-96980.5,-96018.0,-95295.5,-94240.0,-96149.1,
Maxcut,1024,0.9,920.53125,1,4,Hierarchical_solver,1024.0,256.0,256.0,4.0,3.0,20,-99130.0,-97007.5,-96018.0,-95297.5,-94240.0,-96179.2,
Maxcut,1024,0.9,920.53125,1,4,Hierarchical_solver,1024.0,256.0,256.0,4.0,4.0,20,-99130.0,-97007.5,-96018.0,-95297.5,-94240.0,-96179.2,82.23764618635178
Maxcut,1024,0.9,920.53125,1,5,Hierarchical_solver,1024.0,204.0,204.0,5.019607843137255,2.0,20,-98692.0,-96980.5,-96018.0,-95295.5,-94240.0,-96149.1,
Maxcut,1024,0.9,920.53125,1,5,Hierarchical_solver,1024.0,204.0,204.0,5.019607843137255,3.0,20,-99130.0,-97007.5,-96018.0,-95297.5,-94240.0,-96179.2,
Maxcut,1024,0.9,920.53125,1,5,Hierarchical_solver,1024.0,204.0,204.0,5.019607843137255,4.0,20,-99130.0,-97007.5,-96018.0,-95297.5,-94240.0,-96179.2,121.0186663031578
Maxcut,1024,0.9,920.53125,2,1,Hierarchical_solver,512.0,1024.0,512.0,1.0,2.0,20,-98192.0,-97403.0,-96948.0,-96452.5,-94966.0,-96805.2,
Maxcut,1024,0.9,920.53125,2,1,Hierarchical_solver,512.0,1024.0,512.0,1.0,3.0,20,-98250.0,-97451.5,-96948.0,-96452.5,-94966.0,-96844.3,
Maxcut,1024,0.9,920.53125,2,1,Hierarchical_solver,512.0,1024.0,512.0,1.0,4.0,20,-98494.0,-97451.5,-96948.0,-96452.5,-94966.0,-96864.1,0.0
Maxcut,1024,0.9,920.53125,2,2,Hierarchical_solver,512.0,512.0,256.0,2.0,2.0,20,-72876.0,-17409.0,-16286.0,-9280.0,-4604.0,-16279.4,
Maxcut,1024,0.9,920.53125,2,2,Hierarchical_solver,512.0,512.0,256.0,2.0,3.0,20,-18942.0,-16869.5,-12819.0,-9642.5,-3494.0,-12497.6,
Maxcut,1024,0.9,920.53125,2,2,Hierarchical_solver,512.0,512.0,256.0,2.0,4.0,20,-20646.0,-17164.0,-14921.0,-9979.5,-4510.0,-13584.9,29.460486233234406
Maxcut,1024,0.9,920.53125,2,4,Hierarchical_solver,512.0,256.0,128.0,4.0,2.0,20,-22300.0,-18732.0,-16711.0,-12579.5,-6966.0,-15819.0,
Maxcut,1024,0.9,920.53125,2,4,Hierarchical_solver,512.0,256.0,128.0,4.0,3.0,20,-22300.0,-18732.0,-17093.0,-15981.5,-6966.0,-16958.0,
Maxcut,1024,0.9,920.53125,2,4,Hierarchical_solver,512.0,256.0,128.0,4.0,4.0,20,-22300.0,-18732.0,-16711.0,-12579.5,-6966.0,-15819.0,48.58061661720276
Maxcut,1024,0.9,920.53125,2,5,Hierarchical_solver,512.0,204.0,102.0,5.019607843137255,2.0,20,-27116.0,-20699.5,-18131.0,-16365.5,-7266.0,-17886.8,
Maxcut,1024,0.9,920.53125,2,5,Hierarchical_solver,512.0,204.0,102.0,5.019607843137255,3.0,20,-27116.0,-20699.5,-18131.0,-16365.5,-7266.0,-17886.8,
Maxcut,1024,0.9,920.53125,2,5,Hierarchical_solver,512.0,204.0,102.0,5.019607843137255,4.0,20,-27116.0,-20699.5,-18131.0,-16365.5,-7266.0,-17886.8,38.17384725809097
Maxcut,1024,0.9,920.53125,4,1,Hierarchical_solver,256.0,1024.0,256.0,1.0,2.0,20,-98716.0,-97485.5,-96973.0,-96066.0,-94962.0,-96849.4,
Maxcut,1024,0.9,920.53125,4,1,Hierarchical_solver,256.0,1024.0,256.0,1.0,3.0,20,-98728.0,-97699.0,-97071.0,-96115.5,-94962.0,-96914.3,
Maxcut,1024,0.9,920.53125,4,1,Hierarchical_solver,256.0,1024.0,256.0,1.0,4.0,20,-98740.0,-97699.5,-97071.0,-96115.5,-94962.0,-96926.9,0.0
Maxcut,1024,0.9,920.53125,4,2,Hierarchical_solver,256.0,512.0,128.0,2.0,2.0,20,-46752.0,-41699.0,-39527.0,-36395.0,-32092.0,-39283.0,
Maxcut,1024,0.9,920.53125,4,2,Hierarchical_solver,256.0,512.0,128.0,2.0,3.0,20,-46752.0,-41212.5,-39611.0,-37107.5,-33580.0,-39698.2,
Maxcut,1024,0.9,920.53125,4,2,Hierarchical_solver,256.0,512.0,128.0,2.0,4.0,20,-47026.0,-42610.5,-40934.0,-38770.5,-32448.0,-40588.6,28.09096862077713
Maxcut,1024,0.9,920.53125,4,4,Hierarchical_solver,256.0,256.0,64.0,4.0,2.0,20,-42662.0,-36773.5,-34550.0,-31458.5,-28936.0,-34696.0,
Maxcut,1024,0.9,920.53125,4,4,Hierarchical_solver,256.0,256.0,64.0,4.0,3.0,20,-42556.0,-37349.0,-35161.0,-31920.0,-29552.0,-35435.5,
Maxcut,1024,0.9,920.53125,4,4,Hierarchical_solver,256.0,256.0,64.0,4.0,4.0,20,-42556.0,-38077.0,-35681.0,-31920.0,-29552.0,-35938.0,72.24416086673736
Maxcut,1024,0.9,920.53125,4,5,Hierarchical_solver,256.0,204.0,51.0,5.019607843137255,2.0,20,-45184.0,-38139.5,-36608.0,-32895.5,-27672.0,-36331.4,
Maxcut,1024,0.9,920.53125,4,5,Hierarchical_solver,256.0,204.0,51.0,5.019607843137255,3.0,20,-43246.0,-37899.0,-36373.0,-32724.5,-26470.0,-35594.8,
Maxcut,1024,0.9,920.53125,4,5,Hierarchical_solver,256.0,204.0,51.0,5.019607843137255,4.0,20,-44474.0,-37899.0,-36373.0,-33619.0,-26470.0,-35929.6,44.2944131731987
Maxcut,1024,0.9,920.53125,8,1,Hierarchical_solver,128.0,1024.0,128.0,1.0,2.0,20,-97896.0,-97003.0,-96607.0,-95857.0,-94696.0,-96417.4,
Maxcut,1024,0.9,920.53125,8,1,Hierarchical_solver,128.0,1024.0,128.0,1.0,3.0,20,-97896.0,-97003.0,-96607.0,-95857.0,-94696.0,-96442.4,
Maxcut,1024,0.9,920.53125,8,1,Hierarchical_solver,128.0,1024.0,128.0,1.0,4.0,20,-97896.0,-97042.5,-96789.0,-95857.0,-94696.0,-96478.0,0.0
Maxcut,1024,0.9,920.53125,8,2,Hierarchical_solver,128.0,512.0,64.0,2.0,2.0,20,-77654.0,-73149.0,-72359.0,-71806.5,-67270.0,-72750.0,
Maxcut,1024,0.9,920.53125,8,2,Hierarchical_solver,128.0,512.0,64.0,2.0,3.0,20,-77700.0,-76262.5,-72760.0,-71784.5,-67308.0,-73428.4,
Maxcut,1024,0.9,920.53125,8,2,Hierarchical_solver,128.0,512.0,64.0,2.0,4.0,20,-78222.0,-76572.5,-73737.0,-72990.5,-67808.0,-74370.1,25.608489322662354
Maxcut,1024,0.9,920.53125,8,4,Hierarchical_solver,128.0,256.0,32.0,4.0,2.0,20,-60554.0,-56145.0,-55216.0,-53994.5,-49268.0,-54896.6,
Maxcut,1024,0.9,920.53125,8,4,Hierarchical_solver,128.0,256.0,32.0,4.0,3.0,20,-62132.0,-57171.5,-55630.0,-54126.5,-50316.0,-55780.1,
Maxcut,1024,0.9,920.53125,8,4,Hierarchical_solver,128.0,256.0,32.0,4.0,4.0,20,-61274.0,-57239.0,-55950.0,-55093.0,-50316.0,-55852.3,40.34066766500473
Maxcut,1024,0.9,920.53125,8,5,Hierarchical_solver,128.0,204.0,25.5,5.019607843137255,2.0,20,-60200.0,-56120.0,-53422.0,-51942.5,-48980.0,-53917.4,
Maxcut,1024,0.9,920.53125,8,5,Hierarchical_solver,128.0,204.0,25.5,5.019607843137255,3.0,20,-60044.0,-56406.0,-54504.0,-51871.0,-50414.0,-54481.6,
Maxcut,1024,0.9,920.53125,8,5,Hierarchical_solver,128.0,204.0,25.5,5.019607843137255,4.0,20,-59578.0,-56652.0,-54914.0,-52238.5,-50414.0,-54629.7,23.872262704372407
Maxcut,1024,0.9,920.53125,1,0,Multiplicative,,,,,,20,-98474.0,-96819.5,-95701.0,-94872.0,-94240.0,-95928.9,9.60877821445465
Maxcut,1024,0.5,511.5234375,1,1,Hierarchical_solver,1024.0,1024.0,1024.0,1.0,2.0,20,-73862.0,-72781.5,-71969.0,-71458.5,-70240.0,-72084.1,
Maxcut,1024,0.5,511.5234375,1,1,Hierarchical_solver,1024.0,1024.0,1024.0,1.0,3.0,20,-74046.0,-72785.0,-72151.0,-71476.5,-70240.0,-72124.2,
Maxcut,1024,0.5,511.5234375,1,1,Hierarchical_solver,1024.0,1024.0,1024.0,1.0,4.0,20,-74068.0,-72785.5,-72151.0,-71476.5,-70240.0,-72125.4,0.0
Maxcut,1024,0.5,511.5234375,1,2,Hierarchical_solver,1024.0,512.0,512.0,2.0,2.0,20,-73568.0,-72627.5,-72410.0,-71769.5,-70560.0,-72277.5,
Maxcut,1024,0.5,511.5234375,1,2,Hierarchical_solver,1024.0,512.0,512.0,2.0,3.0,20,-73626.0,-72713.5,-72550.0,-71846.5,-70568.0,-72401.0,
Maxcut,1024,0.5,511.5234375,1,2,Hierarchical_solver,1024.0,512.0,512.0,2.0,4.0,20,-73744.0,-72719.5,-72550.0,-71846.5,-70568.0,-72412.8,60.749336016178134
Maxcut,1024,0.5,511.5234375,1,4,Hierarchical_solver,1024.0,256.0,256.0,4.0,2.0,20,-73568.0,-72627.5,-72410.0,-71769.5,-70560.0,-72277.5,
Maxcut,1024,0.5,511.5234375,1,4,Hierarchical_solver,1024.0,256.0,256.0,4.0,3.0,20,-73626.0,-72713.5,-72550.0,-71846.5,-70568.0,-72401.0,
Maxcut,1024,0.5,511.5234375,1,4,Hierarchical_solver,1024.0,256.0,256.0,4.0,4.0,20,-73744.0,-72719.5,-72550.0,-71846.5,-70568.0,-72412.8,118.78356945514679
Maxcut,1024,0.5,511.5234375,1,5,Hierarchical_solver,1024.0,204.0,204.0,5.019607843137255,2.0,20,-73568.0,-72627.5,-72410.0,-71769.5,-70560.0,-72277.5,
Maxcut,1024,0.5,511.5234375,1,5,Hierarchical_solver,1024.0,204.0,204.0,5.019607843137255,3.0,20,-73626.0,-72713.5,-72550.0,-71846.5,-70568.0,-72401.0,
Maxcut,1024,0.5,511.5234375,1,5,Hierarchical_solver,1024.0,204.0,204.0,5.019607843137255,4.0,20,-73744.0,-72719.5,-72550.0,-71846.5,-70568.0,-72412.8,162.62598164081572
Maxcut,1024,0.5,511.5234375,2,1,Hierarchical_solver,512.0,1024.0,512.0,1.0,2.0,20,-74480.0,-72388.5,-71713.0,-71236.5,-70612.0,-71939.4,
Maxcut,1024,0.5,511.5234375,2,1,Hierarchical_solver,512.0,1024.0,512.0,1.0,3.0,20,-74480.0,-72392.0,-71713.0,-71403.5,-70612.0,-71963.9,
Maxcut,1024,0.5,511.5234375,2,1,Hierarchical_solver,512.0,1024.0,512.0,1.0,4.0,20,-74480.0,-72688.5,-71797.0,-71403.5,-70612.0,-72007.8,0.0
Maxcut,1024,0.5,511.5234375,2,2,Hierarchical_solver,512.0,512.0,256.0,2.0,2.0,20,-16810.0,-13071.0,-9465.0,-6476.0,-1994.0,-9312.8,
Maxcut,1024,0.5,511.5234375,2,2,Hierarchical_solver,512.0,512.0,256.0,2.0,3.0,20,-16810.0,-13977.0,-11325.0,-9597.5,-3616.0,-11363.6,
Maxcut,1024,0.5,511.5234375,2,2,Hierarchical_solver,512.0,512.0,256.0,2.0,4.0,20,-16810.0,-13071.0,-9465.0,-5681.5,-3186.0,-9371.7,31.284846544265747
Maxcut,1024,0.5,511.5234375,2,4,Hierarchical_solver,512.0,256.0,128.0,4.0,2.0,20,-17942.0,-15898.0,-13111.0,-10285.0,-7796.0,-12913.4,
Maxcut,1024,0.5,511.5234375,2,4,Hierarchical_solver,512.0,256.0,128.0,4.0,3.0,20,-17942.0,-15898.0,-13111.0,-10285.0,-7796.0,-12913.4,
Maxcut,1024,0.5,511.5234375,2,4,Hierarchical_solver,512.0,256.0,128.0,4.0,4.0,20,-17942.0,-15898.0,-13111.0,-10285.0,-7796.0,-12913.4,21.102224588394165
Maxcut,1024,0.5,511.5234375,2,5,Hierarchical_solver,512.0,204.0,102.0,5.019607843137255,2.0,20,-17250.0,-14716.5,-12464.0,-10817.0,-7796.0,-12794.7,
Maxcut,1024,0.5,511.5234375,2,5,Hierarchical_solver,512.0,204.0,102.0,5.019607843137255,3.0,20,-17250.0,-14716.5,-12464.0,-10817.0,-7796.0,-12794.7,
Maxcut,1024,0.5,511.5234375,2,5,Hierarchical_solver,512.0,204.0,102.0,5.019607843137255,4.0,20,-17250.0,-14716.5,-12464.0,-10817.0,-7796.0,-12794.7,22.26308685541153
Maxcut,1024,0.5,511.5234375,4,1,Hierarchical_solver,256.0,1024.0,256.0,1.0,2.0,20,-74520.0,-73111.5,-72579.0,-71995.0,-70694.0,-72528.8,
Maxcut,1024,0.5,511.5234375,4,1,Hierarchical_solver,256.0,1024.0,256.0,1.0,3.0,20,-74520.0,-73146.0,-72579.0,-72013.0,-70694.0,-72535.9,
Maxcut,1024,0.5,511.5234375,4,1,Hierarchical_solver,256.0,1024.0,256.0,1.0,4.0,20,-74520.0,-73147.5,-72579.0,-72013.0,-70694.0,-72539.5,0.0
Maxcut,1024,0.5,511.5234375,4,2,Hierarchical_solver,256.0,512.0,128.0,2.0,2.0,20,-27880.0,-25799.5,-24521.0,-23916.5,-20244.0,-24672.8,
Maxcut,1024,0.5,511.5234375,4,2,Hierarchical_solver,256.0,512.0,128.0,2.0,3.0,20,-31230.0,-26395.0,-24897.0,-23544.0,-19216.0,-24904.1,
Maxcut,1024,0.5,511.5234375,4,2,Hierarchical_solver,256.0,512.0,128.0,2.0,4.0,20,-31230.0,-27681.0,-24786.0,-23629.5,-20844.0,-25407.2,27.979937195777893
Maxcut,1024,0.5,511.5234375,4,4,Hierarchical_solver,256.0,256.0,64.0,4.0,2.0,20,-31952.0,-26513.5,-23829.0,-21478.5,-18078.0,-24157.8,
Maxcut,1024,0.5,511.5234375,4,4,Hierarchical_solver,256.0,256.0,64.0,4.0,3.0,20,-33100.0,-26729.5,-24680.0,-21978.5,-20860.0,-24858.8,
Maxcut,1024,0.5,511.5234375,4,4,Hierarchical_solver,256.0,256.0,64.0,4.0,4.0,20,-32926.0,-26729.5,-23267.0,-21533.5,-19812.0,-24163.3,90.77252687215805
Maxcut,1024,0.5,511.5234375,4,5,Hierarchical_solver,256.0,204.0,51.0,5.019607843137255,2.0,20,-30716.0,-28565.5,-26829.0,-24198.5,-19134.0,-26114.9,
Maxcut,1024,0.5,511.5234375,4,5,Hierarchical_solver,256.0,204.0,51.0,5.019607843137255,3.0,20,-31238.0,-28861.0,-27205.0,-24198.5,-21006.0,-26533.9,
Maxcut,1024,0.5,511.5234375,4,5,Hierarchical_solver,256.0,204.0,51.0,5.019607843137255,4.0,20,-31238.0,-28842.5,-27139.0,-24198.5,-20148.0,-26515.6,30.101302134990693
Maxcut,1024,0.5,511.5234375,8,1,Hierarchical_solver,128.0,1024.0,128.0,1.0,2.0,20,-73812.0,-72998.0,-72008.0,-71210.0,-70316.0,-72089.5,
Maxcut,1024,0.5,511.5234375,8,1,Hierarchical_solver,128.0,1024.0,128.0,1.0,3.0,20,-73954.0,-73047.5,-72076.0,-71229.5,-70318.0,-72146.8,
Maxcut,1024,0.5,511.5234375,8,1,Hierarchical_solver,128.0,1024.0,128.0,1.0,4.0,20,-73954.0,-73079.0,-72087.0,-71231.0,-70318.0,-72158.0,0.0
Maxcut,1024,0.5,511.5234375,8,2,Hierarchical_solver,128.0,512.0,64.0,2.0,2.0,20,-57986.0,-54671.0,-53407.0,-52049.5,-50442.0,-53512.8,
Maxcut,1024,0.5,511.5234375,8,2,Hierarchical_solver,128.0,512.0,64.0,2.0,3.0,20,-58016.0,-55195.5,-54651.0,-53827.0,-50596.0,-54469.6,
Maxcut,1024,0.5,511.5234375,8,2,Hierarchical_solver,128.0,512.0,64.0,2.0,4.0,20,-58108.0,-56197.0,-54829.0,-54217.0,-50974.0,-54951.3,31.523757541179656
Maxcut,1024,0.5,511.5234375,8,4,Hierarchical_solver,128.0,256.0,32.0,4.0,2.0,20,-52594.0,-50294.0,-48837.0,-47475.0,-42688.0,-48840.6,
Maxcut,1024,0.5,511.5234375,8,4,Hierarchical_solver,128.0,256.0,32.0,4.0,3.0,20,-53698.0,-50743.5,-48867.0,-47855.0,-44450.0,-49242.6,
Maxcut,1024,0.5,511.5234375,8,4,Hierarchical_solver,128.0,256.0,32.0,4.0,4.0,20,-53698.0,-51036.5,-49100.0,-47912.0,-43872.0,-49380.7,36.427125096321106
Maxcut,1024,0.5,511.5234375,8,5,Hierarchical_solver,128.0,204.0,25.5,5.019607843137255,2.0,20,-54040.0,-49489.5,-47653.0,-46239.0,-44392.0,-48092.6,
Maxcut,1024,0.5,511.5234375,8,5,Hierarchical_solver,128.0,204.0,25.5,5.019607843137255,3.0,20,-55236.0,-50318.5,-48738.0,-47338.0,-45624.0,-48970.3,
Maxcut,1024,0.5,511.5234375,8,5,Hierarchical_solver,128.0,204.0,25.5,5.019607843137255,4.0,20,-55236.0,-50318.5,-48556.0,-47454.5,-45398.0,-48939.6,41.413430142402646
Maxcut,1024,0.5,511.5234375,1,0,Multiplicative,,,,,,20,-73554.0,-72503.5,-72052.0,-71614.0,-69928.0,-72040.9,12.75123426914215
Maxcut,1024,0.1,101.806640625,1,1,Hierarchical_solver,1024.0,1024.0,1024.0,1.0,2.0,20,-32828.0,-32505.5,-32058.0,-31673.0,-31112.0,-32072.5,
Maxcut,1024,0.1,101.806640625,1,1,Hierarchical_solver,1024.0,1024.0,1024.0,1.0,3.0,20,-32828.0,-32520.5,-32093.0,-31750.0,-31112.0,-32089.0,
Maxcut,1024,0.1,101.806640625,1,1,Hierarchical_solver,1024.0,1024.0,1024.0,1.0,4.0,20,-32828.0,-32520.5,-32094.0,-31787.5,-31112.0,-32097.3,0.0
Maxcut,1024,0.1,101.806640625,1,2,Hierarchical_solver,1024.0,512.0,512.0,2.0,2.0,20,-32784.0,-32564.0,-32243.0,-31987.0,-31334.0,-32210.8,
Maxcut,1024,0.1,101.806640625,1,2,Hierarchical_solver,1024.0,512.0,512.0,2.0,3.0,20,-32904.0,-32581.5,-32273.0,-32021.0,-31334.0,-32252.9,
Maxcut,1024,0.1,101.806640625,1,2,Hierarchical_solver,1024.0,512.0,512.0,2.0,4.0,20,-32904.0,-32583.0,-32287.0,-32021.0,-31334.0,-32267.1,123.28813980817795
Maxcut,1024,0.1,101.806640625,1,4,Hierarchical_solver,1024.0,256.0,256.0,4.0,2.0,20,-32784.0,-32564.0,-32243.0,-31987.0,-31334.0,-32210.8,
Maxcut,1024,0.1,101.806640625,1,4,Hierarchical_solver,1024.0,256.0,256.0,4.0,3.0,20,-32904.0,-32581.5,-32273.0,-32021.0,-31334.0,-32252.9,
Maxcut,1024,0.1,101.806640625,1,4,Hierarchical_solver,1024.0,256.0,256.0,4.0,4.0,20,-32904.0,-32583.0,-32287.0,-32021.0,-31334.0,-32267.1,223.98407155275345
Maxcut,1024,0.1,101.806640625,1,5,Hierarchical_solver,1024.0,204.0,204.0,5.019607843137255,2.0,20,-32784.0,-32564.0,-32243.0,-31987.0,-31334.0,-32210.8,
Maxcut,1024,0.1,101.806640625,1,5,Hierarchical_solver,1024.0,204.0,204.0,5.019607843137255,3.0,20,-32904.0,-32581.5,-32273.0,-32021.0,-31334.0,-32252.9,
Maxcut,1024,0.1,101.806640625,1,5,Hierarchical_solver,1024.0,204.0,204.0,5.019607843137255,4.0,20,-32904.0,-32583.0,-32287.0,-32021.0,-31334.0,-32267.1,331.89496780633925
Maxcut,1024,0.1,101.806640625,2,1,Hierarchical_solver,512.0,1024.0,512.0,1.0,2.0,20,-32604.0,-32176.0,-31918.0,-31773.5,-31126.0,-31966.4,
Maxcut,1024,0.1,101.806640625,2,1,Hierarchical_solver,512.0,1024.0,512.0,1.0,3.0,20,-32642.0,-32238.5,-31960.0,-31850.0,-31126.0,-31998.2,
Maxcut,1024,0.1,101.806640625,2,1,Hierarchical_solver,512.0,1024.0,512.0,1.0,4.0,20,-32670.0,-32286.5,-31960.0,-31850.0,-31126.0,-32008.9,0.0
Maxcut,1024,0.1,101.806640625,2,2,Hierarchical_solver,512.0,512.0,256.0,2.0,2.0,20,-7670.0,-6352.0,-5333.0,-3830.5,-1816.0,-5085.2,
Maxcut,1024,0.1,101.806640625,2,2,Hierarchical_solver,512.0,512.0,256.0,2.0,3.0,20,-7670.0,-7047.0,-5556.0,-4543.5,-1910.0,-5397.4,
Maxcut,1024,0.1,101.806640625,2,2,Hierarchical_solver,512.0,512.0,256.0,2.0,4.0,20,-7670.0,-6187.5,-5193.0,-4629.0,-1910.0,-5269.1,76.45807651281356
Maxcut,1024,0.1,101.806640625,2,4,Hierarchical_solver,512.0,256.0,128.0,4.0,2.0,20,-6772.0,-5927.0,-5026.0,-3750.0,-1886.0,-4790.2,
Maxcut,1024,0.1,101.806640625,2,4,Hierarchical_solver,512.0,256.0,128.0,4.0,3.0,20,-6772.0,-5927.0,-5415.0,-4507.5,-854.0,-5112.7,
Maxcut,1024,0.1,101.806640625,2,4,Hierarchical_solver,512.0,256.0,128.0,4.0,4.0,20,-6772.0,-5927.0,-5026.0,-3912.5,-854.0,-4798.9,103.52835317850113
Maxcut,1024,0.1,101.806640625,2,5,Hierarchical_solver,512.0,204.0,102.0,5.019607843137255,2.0,20,-7434.0,-6040.5,-4899.0,-3772.0,-1926.0,-4898.3,
Maxcut,1024,0.1,101.806640625,2,5,Hierarchical_solver,512.0,204.0,102.0,5.019607843137255,3.0,20,-7434.0,-6376.5,-5742.0,-4760.5,-2388.0,-5562.1,
Maxcut,1024,0.1,101.806640625,2,5,Hierarchical_solver,512.0,204.0,102.0,5.019607843137255,4.0,20,-7434.0,-6040.5,-4755.0,-3957.0,-1926.0,-4941.6,179.13018416166307
Maxcut,1024,0.1,101.806640625,4,1,Hierarchical_solver,256.0,1024.0,256.0,1.0,2.0,20,-32798.0,-32542.5,-32166.0,-31859.0,-30970.0,-32193.0,
Maxcut,1024,0.1,101.806640625,4,1,Hierarchical_solver,256.0,1024.0,256.0,1.0,3.0,20,-32848.0,-32544.0,-32180.0,-31977.5,-30970.0,-32227.0,
Maxcut,1024,0.1,101.806640625,4,1,Hierarchical_solver,256.0,1024.0,256.0,1.0,4.0,20,-32850.0,-32643.0,-32180.0,-31985.5,-30970.0,-32235.4,0.0
Maxcut,1024,0.1,101.806640625,4,2,Hierarchical_solver,256.0,512.0,128.0,2.0,2.0,20,-27272.0,-14216.0,-13480.0,-12883.0,-10058.0,-13910.3,
Maxcut,1024,0.1,101.806640625,4,2,Hierarchical_solver,256.0,512.0,128.0,2.0,3.0,20,-27272.0,-14367.0,-13660.0,-13284.5,-10734.0,-14375.9,
Maxcut,1024,0.1,101.806640625,4,2,Hierarchical_solver,256.0,512.0,128.0,2.0,4.0,20,-27272.0,-14483.0,-13601.0,-12928.5,-11820.0,-14540.8,81.61637222766876
Maxcut,1024,0.1,101.806640625,4,4,Hierarchical_solver,256.0,256.0,64.0,4.0,2.0,20,-14444.0,-13776.5,-13188.0,-11947.0,-10484.0,-12814.7,
Maxcut,1024,0.1,101.806640625,4,4,Hierarchical_solver,256.0,256.0,64.0,4.0,3.0,20,-14800.0,-13823.0,-12667.0,-12384.5,-11556.0,-13077.1,
Maxcut,1024,0.1,101.806640625,4,4,Hierarchical_solver,256.0,256.0,64.0,4.0,4.0,20,-14786.0,-13721.0,-12960.0,-12422.0,-10636.0,-13008.8,200.92844195365905
Maxcut,1024,0.1,101.806640625,4,5,Hierarchical_solver,256.0,204.0,51.0,5.019607843137255,2.0,20,-14750.0,-13153.0,-11652.0,-10872.0,-9862.0,-11984.9,
Maxcut,1024,0.1,101.806640625,4,5,Hierarchical_solver,256.0,204.0,51.0,5.019607843137255,3.0,20,-15022.0,-13289.5,-11520.0,-10886.0,-10430.0,-12034.5,
Maxcut,1024,0.1,101.806640625,4,5,Hierarchical_solver,256.0,204.0,51.0,5.019607843137255,4.0,20,-16638.0,-13289.5,-11623.0,-11268.0,-10430.0,-12236.7,238.90285688638687
Maxcut,1024,0.1,101.806640625,8,1,Hierarchical_solver,128.0,1024.0,128.0,1.0,2.0,20,-32788.0,-32476.5,-32119.0,-31826.0,-31332.0,-32120.7,
Maxcut,1024,0.1,101.806640625,8,1,Hierarchical_solver,128.0,1024.0,128.0,1.0,3.0,20,-32792.0,-32476.5,-32119.0,-31830.0,-31658.0,-32151.4,
Maxcut,1024,0.1,101.806640625,8,1,Hierarchical_solver,128.0,1024.0,128.0,1.0,4.0,20,-32792.0,-32476.5,-32119.0,-31894.5,-31658.0,-32162.3,0.0
Maxcut,1024,0.1,101.806640625,8,2,Hierarchical_solver,128.0,512.0,64.0,2.0,2.0,20,-27078.0,-25045.5,-24369.0,-24173.5,-22636.0,-24589.8,
Maxcut,1024,0.1,101.806640625,8,2,Hierarchical_solver,128.0,512.0,64.0,2.0,3.0,20,-27078.0,-25382.0,-24772.0,-24484.5,-24020.0,-25017.1,
Maxcut,1024,0.1,101.806640625,8,2,Hierarchical_solver,128.0,512.0,64.0,2.0,4.0,20,-27078.0,-25831.5,-24964.0,-24678.0,-24320.0,-25273.8,80.5744575381279
Maxcut,1024,0.1,101.806640625,8,4,Hierarchical_solver,128.0,256.0,32.0,4.0,2.0,20,-21156.0,-20857.5,-20352.0,-19681.5,-19110.0,-20249.1,
Maxcut,1024,0.1,101.806640625,8,4,Hierarchical_solver,128.0,256.0,32.0,4.0,3.0,20,-21568.0,-21012.5,-20669.0,-19959.5,-18854.0,-20463.6,
Maxcut,1024,0.1,101.806640625,8,4,Hierarchical_solver,128.0,256.0,32.0,4.0,4.0,20,-22080.0,-21063.5,-20695.0,-20256.5,-18854.0,-20547.6,192.8832486629486
Maxcut,1024,0.1,101.806640625,8,5,Hierarchical_solver,128.0,204.0,25.5,5.019607843137255,2.0,20,-20188.0,-19607.0,-19151.0,-18409.0,-15904.0,-18833.4,
Maxcut,1024,0.1,101.806640625,8,5,Hierarchical_solver,128.0,204.0,25.5,5.019607843137255,3.0,20,-20554.0,-19796.5,-19000.0,-18551.0,-15904.0,-18998.4,
Maxcut,1024,0.1,101.806640625,8,5,Hierarchical_solver,128.0,204.0,25.5,5.019607843137255,4.0,20,-20650.0,-19796.5,-19091.0,-18644.0,-15904.0,-19061.7,74.1625282406807
Maxcut,1024,0.1,101.806640625,1,0,Multiplicative,,,,,,20,-32618.0,-32395.0,-32095.0,-31753.0,-31334.0,-32060.3,28.489483571052553
Maxcut,1024,0.05,50.859375,1,1,Hierarchical_solver,1024.0,1024.0,1024.0,1.0,2.0,20,-23700.0,-23328.5,-23122.0,-22954.5,-22378.0,-23130.4,
Maxcut,1024,0.05,50.859375,1,1,Hierarchical_solver,1024.0,1024.0,1024.0,1.0,3.0,20,-23708.0,-23336.0,-23176.0,-23013.0,-22490.0,-23163.0,
Maxcut,1024,0.05,50.859375,1,1,Hierarchical_solver,1024.0,1024.0,1024.0,1.0,4.0,20,-23708.0,-23336.0,-23187.0,-23043.0,-22574.0,-23171.5,0.0
Maxcut,1024,0.05,50.859375,1,2,Hierarchical_solver,1024.0,512.0,512.0,2.0,2.0,20,-23528.0,-23290.0,-23173.0,-22908.0,-22680.0,-23123.6,
Maxcut,1024,0.05,50.859375,1,2,Hierarchical_solver,1024.0,512.0,512.0,2.0,3.0,20,-23548.0,-23316.0,-23199.0,-23014.5,-22680.0,-23149.9,
Maxcut,1024,0.05,50.859375,1,2,Hierarchical_solver,1024.0,512.0,512.0,2.0,4.0,20,-23564.0,-23319.0,-23199.0,-23022.0,-22680.0,-23152.1,182.72589606046677
Maxcut,1024,0.05,50.859375,1,4,Hierarchical_solver,1024.0,256.0,256.0,4.0,2.0,20,-23528.0,-23290.0,-23173.0,-22908.0,-22680.0,-23123.6,
Maxcut,1024,0.05,50.859375,1,4,Hierarchical_solver,1024.0,256.0,256.0,4.0,3.0,20,-23548.0,-23316.0,-23199.0,-23014.5,-22680.0,-23149.9,
Maxcut,1024,0.05,50.859375,1,4,Hierarchical_solver,1024.0,256.0,256.0,4.0,4.0,20,-23564.0,-23319.0,-23199.0,-23022.0,-22680.0,-23152.1,360.1078746318817
Maxcut,1024,0.05,50.859375,1,5,Hierarchical_solver,1024.0,204.0,204.0,5.019607843137255,2.0,20,-23528.0,-23290.0,-23173.0,-22908.0,-22680.0,-23123.6,
Maxcut,1024,0.05,50.859375,1,5,Hierarchical_solver,1024.0,204.0,204.0,5.019607843137255,3.0,20,-23548.0,-23316.0,-23199.0,-23014.5,-22680.0,-23149.9,
Maxcut,1024,0.05,50.859375,1,5,Hierarchical_solver,1024.0,204.0,204.0,5.019607843137255,4.0,20,-23564.0,-23319.0,-23199.0,-23022.0,-22680.0,-23152.1,409.9606350660324
Maxcut,1024,0.05,50.859375,2,1,Hierarchical_solver,512.0,1024.0,512.0,1.0,2.0,20,-23430.0,-23310.5,-23025.0,-22873.0,-22538.0,-23044.9,
Maxcut,1024,0.05,50.859375,2,1,Hierarchical_solver,512.0,1024.0,512.0,1.0,3.0,20,-23430.0,-23335.0,-23051.0,-22903.5,-22542.0,-23067.1,
Maxcut,1024,0.05,50.859375,2,1,Hierarchical_solver,512.0,1024.0,512.0,1.0,4.0,20,-23430.0,-23336.0,-23080.0,-22903.5,-22542.0,-23078.4,0.0
Maxcut,1024,0.05,50.859375,2,2,Hierarchical_solver,512.0,512.0,256.0,2.0,2.0,20,-20182.0,-5038.5,-4393.0,-3649.5,-2140.0,-6211.1,
Maxcut,1024,0.05,50.859375,2,2,Hierarchical_solver,512.0,512.0,256.0,2.0,3.0,20,-20074.0,-5409.5,-4549.0,-3336.5,-2194.0,-6259.4,
Maxcut,1024,0.05,50.859375,2,2,Hierarchical_solver,512.0,512.0,256.0,2.0,4.0,20,-20080.0,-5372.5,-4679.0,-3555.0,-2140.0,-6369.2,96.12058308124543
Maxcut,1024,0.05,50.859375,2,4,Hierarchical_solver,512.0,256.0,128.0,4.0,2.0,20,-5374.0,-5001.0,-4432.0,-4096.0,-2328.0,-4293.9,
Maxcut,1024,0.05,50.859375,2,4,Hierarchical_solver,512.0,256.0,128.0,4.0,3.0,20,-5688.0,-5072.0,-4523.0,-4125.5,-2464.0,-4420.5,
Maxcut,1024,0.05,50.859375,2,4,Hierarchical_solver,512.0,256.0,128.0,4.0,4.0,20,-5374.0,-5001.0,-4432.0,-4096.0,-2464.0,-4300.7,217.5401596903801
Maxcut,1024,0.05,50.859375,2,5,Hierarchical_solver,512.0,204.0,102.0,5.019607843137255,2.0,20,-5546.0,-5119.0,-4695.0,-3886.5,-3170.0,-4497.2,
Maxcut,1024,0.05,50.859375,2,5,Hierarchical_solver,512.0,204.0,102.0,5.019607843137255,3.0,20,-5546.0,-5119.0,-4695.0,-3886.5,-3170.0,-4497.2,
Maxcut,1024,0.05,50.859375,2,5,Hierarchical_solver,512.0,204.0,102.0,5.019607843137255,4.0,20,-5546.0,-5119.0,-4695.0,-3886.5,-3170.0,-4497.2,216.94583468437196
Maxcut,1024,0.05,50.859375,4,1,Hierarchical_solver,256.0,1024.0,256.0,1.0,2.0,20,-23808.0,-23342.0,-23190.0,-22965.0,-22692.0,-23176.3,
Maxcut,1024,0.05,50.859375,4,1,Hierarchical_solver,256.0,1024.0,256.0,1.0,3.0,20,-23808.0,-23358.0,-23237.0,-23037.0,-22776.0,-23217.6,
Maxcut,1024,0.05,50.859375,4,1,Hierarchical_solver,256.0,1024.0,256.0,1.0,4.0,20,-23808.0,-23358.0,-23237.0,-23045.0,-22776.0,-23223.3,0.0
Maxcut,1024,0.05,50.859375,4,2,Hierarchical_solver,256.0,512.0,128.0,2.0,2.0,20,-11024.0,-9407.5,-8881.0,-8243.5,-6866.0,-8908.9,
Maxcut,1024,0.05,50.859375,4,2,Hierarchical_solver,256.0,512.0,128.0,2.0,3.0,20,-11024.0,-9877.5,-9144.0,-8425.0,-6400.0,-9081.7,
Maxcut,1024,0.05,50.859375,4,2,Hierarchical_solver,256.0,512.0,128.0,2.0,4.0,20,-11138.0,-10146.0,-9315.0,-8732.5,-7470.0,-9354.2,105.62362633943557
Maxcut,1024,0.05,50.859375,4,4,Hierarchical_solver,256.0,256.0,64.0,4.0,2.0,20,-10384.0,-9398.5,-9097.0,-8454.5,-7214.0,-8935.0,
Maxcut,1024,0.05,50.859375,4,4,Hierarchical_solver,256.0,256.0,64.0,4.0,3.0,20,-10516.0,-9399.5,-9171.0,-8738.5,-7214.0,-9029.9,
Maxcut,1024,0.05,50.859375,4,4,Hierarchical_solver,256.0,256.0,64.0,4.0,4.0,20,-10812.0,-9400.5,-9147.0,-8454.5,-7214.0,-9045.2,200.95142726898194
Maxcut,1024,0.05,50.859375,4,5,Hierarchical_solver,256.0,204.0,51.0,5.019607843137255,2.0,20,-10560.0,-9318.5,-8888.0,-8396.0,-7456.0,-8988.0,
Maxcut,1024,0.05,50.859375,4,5,Hierarchical_solver,256.0,204.0,51.0,5.019607843137255,3.0,20,-10560.0,-9515.0,-9068.0,-8722.0,-7456.0,-9110.7,
Maxcut,1024,0.05,50.859375,4,5,Hierarchical_solver,256.0,204.0,51.0,5.019607843137255,4.0,20,-10560.0,-9588.5,-9211.0,-8722.0,-7456.0,-9152.9,226.7838541984558
Maxcut,1024,0.05,50.859375,8,1,Hierarchical_solver,128.0,1024.0,128.0,1.0,2.0,20,-23666.0,-23386.0,-23197.0,-23009.5,-22830.0,-23221.1,
Maxcut,1024,0.05,50.859375,8,1,Hierarchical_solver,128.0,1024.0,128.0,1.0,3.0,20,-23740.0,-23386.0,-23238.0,-23018.5,-22842.0,-23239.5,
Maxcut,1024,0.05,50.859375,8,1,Hierarchical_solver,128.0,1024.0,128.0,1.0,4.0,20,-23740.0,-23445.5,-23245.0,-23018.5,-22842.0,-23257.2,0.0
Maxcut,1024,0.05,50.859375,8,2,Hierarchical_solver,128.0,512.0,64.0,2.0,2.0,20,-19576.0,-18788.5,-18430.0,-17923.0,-17360.0,-18408.9,
Maxcut,1024,0.05,50.859375,8,2,Hierarchical_solver,128.0,512.0,64.0,2.0,3.0,20,-19710.0,-19034.0,-18754.0,-18466.0,-17940.0,-18736.0,
Maxcut,1024,0.05,50.859375,8,2,Hierarchical_solver,128.0,512.0,64.0,2.0,4.0,20,-20076.0,-19116.5,-18781.0,-18403.5,-18150.0,-18807.7,102.11144253015519
Maxcut,1024,0.05,50.859375,8,4,Hierarchical_solver,128.0,256.0,32.0,4.0,2.0,20,-15852.0,-14779.0,-14318.0,-13600.5,-12348.0,-14192.3,
Maxcut,1024,0.05,50.859375,8,4,Hierarchical_solver,128.0,256.0,32.0,4.0,3.0,20,-15640.0,-14932.5,-14606.0,-13821.5,-12780.0,-14440.2,
Maxcut,1024,0.05,50.859375,8,4,Hierarchical_solver,128.0,256.0,32.0,4.0,4.0,20,-15734.0,-14932.5,-14369.0,-13808.5,-12460.0,-14344.2,188.4417963027954
Maxcut,1024,0.05,50.859375,8,5,Hierarchical_solver,128.0,204.0,25.5,5.019607843137255,2.0,20,-15648.0,-14821.0,-14452.0,-13825.5,-13126.0,-14362.9,
Maxcut,1024,0.05,50.859375,8,5,Hierarchical_solver,128.0,204.0,25.5,5.019607843137255,3.0,20,-15694.0,-14613.5,-14462.0,-13995.5,-13196.0,-14359.6,
Maxcut,1024,0.05,50.859375,8,5,Hierarchical_solver,128.0,204.0,25.5,5.019607843137255,4.0,20,-15862.0,-14850.0,-14535.0,-14001.5,-13196.0,-14491.1,134.09181705713272
Maxcut,1024,0.05,50.859375,1,0,Multiplicative,,,,,,20,-23522.0,-23255.0,-23107.0,-22856.5,-22542.0,-23052.8,37.37429667711258
