problem_type,num_spins,connections_per_spin,nb_partitions,nb_meta_nodes,solver,spins_per_partition,total_meta_nodes,meta_nodes_per_partition,spins_per_meta_node,nb_sweeps,nb_trials,en_min,en_25,en_50,en_75,en_max,en_mean,time_mean
Maxcut,1024,1023.0,2,1,Hierarchical_solver,512.0,1024.0,512.0,1.0,2.0,10,-103360.0,-102258.5,-101759.0,-101071.0,-100110.0,-101613.8,0.0
Maxcut,1024,1023.0,2,2,Hierarchical_solver,512.0,512.0,256.0,2.0,2.0,10,-25066.0,-15679.5,-12782.0,-10016.5,-6568.0,-13702.4,21.32360966205597
Maxcut,1024,1023.0,2,3,Hierarchical_solver,512.0,341.0,170.5,3.002932551319648,2.0,10,-20672.0,-18167.0,-13848.0,-10539.5,-9566.0,-14575.8,39.357365465164186
Maxcut,1024,1023.0,2,4,Hierarchical_solver,512.0,256.0,128.0,4.0,2.0,10,-24190.0,-21144.5,-19443.0,-18379.5,-11782.0,-19365.4,39.18472905158997
Maxcut,1024,1023.0,2,5,Hierarchical_solver,512.0,204.0,102.0,5.019607843137255,2.0,10,-28782.0,-21799.0,-19650.0,-16148.0,-6218.0,-18643.2,48.77208080291748
Maxcut,1024,1023.0,4,1,Hierarchical_solver,256.0,1024.0,256.0,1.0,2.0,10,-104378.0,-102787.0,-102013.0,-101290.0,-100202.0,-102140.6,0.0
Maxcut,1024,1023.0,4,2,Hierarchical_solver,256.0,512.0,128.0,2.0,2.0,10,-45160.0,-41870.0,-37879.0,-36045.0,-34688.0,-39021.4,22.768599677085877
Maxcut,1024,1023.0,4,3,Hierarchical_solver,256.0,341.0,85.25,3.002932551319648,2.0,10,-41334.0,-40206.0,-38868.0,-36699.0,-32616.0,-38210.0,37.18755993843079
Maxcut,1024,1023.0,4,4,Hierarchical_solver,256.0,256.0,64.0,4.0,2.0,10,-44326.0,-40215.0,-37097.0,-35611.0,-33140.0,-38060.0,37.184290051460266
Maxcut,1024,1023.0,4,5,Hierarchical_solver,256.0,204.0,51.0,5.019607843137255,2.0,10,-43074.0,-38245.0,-35477.0,-34044.0,-29366.0,-36221.2,33.55841243267059
Maxcut,1024,1023.0,8,1,Hierarchical_solver,128.0,1024.0,128.0,1.0,2.0,10,-104098.0,-102476.0,-101687.0,-100470.5,-98962.0,-101506.0,0.0
Maxcut,1024,1023.0,8,2,Hierarchical_solver,128.0,512.0,64.0,2.0,2.0,10,-81568.0,-79399.5,-77621.0,-74758.0,-71536.0,-77059.0,21.80424702167511
Maxcut,1024,1023.0,8,3,Hierarchical_solver,128.0,341.0,42.625,3.002932551319648,2.0,10,-75690.0,-72764.0,-70992.0,-68585.5,-66464.0,-70663.2,35.368954396247865
Maxcut,1024,1023.0,8,4,Hierarchical_solver,128.0,256.0,32.0,4.0,2.0,10,-73746.0,-71535.0,-68249.0,-66735.0,-66432.0,-69152.8,32.054158854484555
Maxcut,1024,1023.0,8,5,Hierarchical_solver,128.0,204.0,25.5,5.019607843137255,2.0,10,-66584.0,-65128.5,-64840.0,-63452.0,-58180.0,-63672.4,44.0035543680191
Maxcut,1024,1023.0,1,0,Multiplicative,,,,,,10,-103150.0,-102180.5,-101842.0,-101320.0,-99656.0,-101673.2,8.760732460021973
