problem_type,benchmark,num_spins,connectivity,connections_per_spin,best_energy,nb_partitions,nb_node_per_meta_nodes,solver,spins_per_partition,total_meta_nodes,meta_nodes_per_partition,spins_per_meta_node,nb_sweeps,nb_trials,en_min,en_25,en_50,en_75,en_max,en_mean,time_mean
Maxcut,G/regenerated/G32_2000_4000_toroidal_1410.txt,2000,0.002001000500250125,4.0,-1410.0,2,1,Hierarchical_solver,1000.0,2000.0,1000.0,1.0,2.0,20,-1290.0,-1284.0,-1278.0,-1267.0,-1246.0,-1274.8,0.0
Maxcut,G/regenerated/G32_2000_4000_toroidal_1410.txt,2000,0.002001000500250125,4.0,-1410.0,2,2,Hierarchical_solver,1000.0,1000.0,500.0,2.0,2.0,20,-1296.0,-1285.0,-1276.0,-1265.5,-1250.0,-1276.0,7616.58010084629
Maxcut,G/regenerated/G32_2000_4000_toroidal_1410.txt,2000,0.002001000500250125,4.0,-1410.0,2,4,Hierarchical_solver,1000.0,500.0,250.0,4.0,2.0,20,-1300.0,-1283.5,-1279.0,-1275.0,-1246.0,-1278.1,16279.535327410698
Maxcut,G/regenerated/G32_2000_4000_toroidal_1410.txt,2000,0.002001000500250125,4.0,-1410.0,2,8,Hierarchical_solver,1000.0,250.0,125.0,8.0,2.0,20,-1290.0,-1280.5,-1276.0,-1269.5,-1252.0,-1274.9,46049.48497512341
Maxcut,G/regenerated/G32_2000_4000_toroidal_1410.txt,2000,0.002001000500250125,4.0,-1410.0,3,1,Hierarchical_solver,666.6666666666666,2000.0,666.6666666666666,1.0,2.0,20,-1310.0,-1284.5,-1273.0,-1262.0,-1242.0,-1273.6,0.0
Maxcut,G/regenerated/G32_2000_4000_toroidal_1410.txt,2000,0.002001000500250125,4.0,-1410.0,3,2,Hierarchical_solver,666.6666666666666,1000.0,333.3333333333333,2.0,2.0,20,-1314.0,-1297.0,-1289.0,-1275.5,-1252.0,-1286.0,7038.669068777561
Maxcut,G/regenerated/G32_2000_4000_toroidal_1410.txt,2000,0.002001000500250125,4.0,-1410.0,3,4,Hierarchical_solver,666.6666666666666,500.0,166.66666666666666,4.0,2.0,20,-1310.0,-1294.0,-1285.0,-1269.5,-1256.0,-1282.6,16253.302304363251
Maxcut,G/regenerated/G32_2000_4000_toroidal_1410.txt,2000,0.002001000500250125,4.0,-1410.0,3,8,Hierarchical_solver,666.6666666666666,250.0,83.33333333333333,8.0,2.0,20,-1306.0,-1292.0,-1276.0,-1269.0,-1246.0,-1279.2,39615.60207663775
Maxcut,G/regenerated/G32_2000_4000_toroidal_1410.txt,2000,0.002001000500250125,4.0,-1410.0,4,1,Hierarchical_solver,500.0,2000.0,500.0,1.0,2.0,20,-1286.0,-1284.0,-1278.0,-1271.5,-1248.0,-1275.2,0.0
Maxcut,G/regenerated/G32_2000_4000_toroidal_1410.txt,2000,0.002001000500250125,4.0,-1410.0,4,2,Hierarchical_solver,500.0,1000.0,250.0,2.0,2.0,20,-1308.0,-1294.5,-1292.0,-1284.0,-1274.0,-1291.1,7526.593695819378
Maxcut,G/regenerated/G32_2000_4000_toroidal_1410.txt,2000,0.002001000500250125,4.0,-1410.0,4,4,Hierarchical_solver,500.0,500.0,125.0,4.0,2.0,20,-1316.0,-1292.5,-1280.0,-1274.0,-1238.0,-1282.2,14284.839100790025
Maxcut,G/regenerated/G32_2000_4000_toroidal_1410.txt,2000,0.002001000500250125,4.0,-1410.0,4,8,Hierarchical_solver,500.0,250.0,62.5,8.0,2.0,20,-1298.0,-1288.0,-1275.0,-1269.5,-1252.0,-1276.1,39666.81546986103
Maxcut,G/regenerated/G32_2000_4000_toroidal_1410.txt,2000,0.002001000500250125,4.0,-1410.0,8,1,Hierarchical_solver,250.0,2000.0,250.0,1.0,2.0,20,-1294.0,-1282.5,-1276.0,-1270.0,-1256.0,-1275.5,0.0
Maxcut,G/regenerated/G32_2000_4000_toroidal_1410.txt,2000,0.002001000500250125,4.0,-1410.0,8,2,Hierarchical_solver,250.0,1000.0,125.0,2.0,2.0,20,-1304.0,-1290.0,-1288.0,-1283.0,-1270.0,-1287.3,7442.4964700341225
Maxcut,G/regenerated/G32_2000_4000_toroidal_1410.txt,2000,0.002001000500250125,4.0,-1410.0,8,4,Hierarchical_solver,250.0,500.0,62.5,4.0,2.0,20,-1308.0,-1294.0,-1281.0,-1275.5,-1266.0,-1283.6,14066.850167000293
Maxcut,G/regenerated/G32_2000_4000_toroidal_1410.txt,2000,0.002001000500250125,4.0,-1410.0,8,8,Hierarchical_solver,250.0,250.0,31.25,8.0,2.0,20,-1290.0,-1280.5,-1275.0,-1265.0,-1250.0,-1272.8,31759.726101219654
Maxcut,G/regenerated/G32_2000_4000_toroidal_1410.txt,2000,0.002001000500250125,4.0,-1410.0,1,0,Multiplicative,,,,,,20,-1274.0,-1259.0,-1255.0,-1248.0,-1240.0,-1255.2,2000.0121431112289
Maxcut,G/regenerated/G29_2000_19990_random_3405.txt,2000,0.009999999999999998,19.99,-3405.0,2,1,Hierarchical_solver,1000.0,2000.0,1000.0,1.0,2.0,20,-3285.0,-3251.5,-3242.0,-3218.75,-3162.0,-3235.45,0.0
Maxcut,G/regenerated/G29_2000_19990_random_3405.txt,2000,0.009999999999999998,19.99,-3405.0,2,2,Hierarchical_solver,1000.0,1000.0,500.0,2.0,2.0,20,-2994.0,-2946.5,-2915.5,-2887.0,-2776.0,-2911.6,1689.4521706342698
Maxcut,G/regenerated/G29_2000_19990_random_3405.txt,2000,0.009999999999999998,19.99,-3405.0,2,4,Hierarchical_solver,1000.0,500.0,250.0,4.0,2.0,20,-2764.0,-2719.0,-2660.5,-2609.0,-2449.0,-2657.9,4358.083196330071
Maxcut,G/regenerated/G29_2000_19990_random_3405.txt,2000,0.009999999999999998,19.99,-3405.0,2,8,Hierarchical_solver,1000.0,250.0,125.0,8.0,2.0,20,-2583.0,-2454.5,-2358.5,-2324.5,-2238.0,-2381.95,11314.166035163402
Maxcut,G/regenerated/G29_2000_19990_random_3405.txt,2000,0.009999999999999998,19.99,-3405.0,3,1,Hierarchical_solver,666.6666666666666,2000.0,666.6666666666666,1.0,2.0,20,-3278.0,-3255.75,-3247.0,-3231.5,-3175.0,-3240.6,0.0
Maxcut,G/regenerated/G29_2000_19990_random_3405.txt,2000,0.009999999999999998,19.99,-3405.0,3,2,Hierarchical_solver,666.6666666666666,1000.0,333.3333333333333,2.0,2.0,20,-2962.0,-2879.75,-2830.0,-2776.0,-2638.0,-2822.75,1810.0094442009927
Maxcut,G/regenerated/G29_2000_19990_random_3405.txt,2000,0.009999999999999998,19.99,-3405.0,3,4,Hierarchical_solver,666.6666666666666,500.0,166.66666666666666,4.0,2.0,20,-2562.0,-2471.75,-2432.0,-2343.75,-2243.0,-2412.65,4864.823879563808
Maxcut,G/regenerated/G29_2000_19990_random_3405.txt,2000,0.009999999999999998,19.99,-3405.0,3,8,Hierarchical_solver,666.6666666666666,250.0,83.33333333333333,8.0,2.0,20,-2306.0,-2174.25,-2146.5,-2096.0,-1735.0,-2128.15,9640.029487323762
Maxcut,G/regenerated/G29_2000_19990_random_3405.txt,2000,0.009999999999999998,19.99,-3405.0,4,1,Hierarchical_solver,500.0,2000.0,500.0,1.0,2.0,20,-3265.0,-3247.5,-3229.0,-3210.25,-3199.0,-3229.2,0.0
Maxcut,G/regenerated/G29_2000_19990_random_3405.txt,2000,0.009999999999999998,19.99,-3405.0,4,2,Hierarchical_solver,500.0,1000.0,250.0,2.0,2.0,20,-2907.0,-2827.0,-2811.0,-2779.0,-2704.0,-2804.9,1668.691455435753
Maxcut,G/regenerated/G29_2000_19990_random_3405.txt,2000,0.009999999999999998,19.99,-3405.0,4,4,Hierarchical_solver,500.0,500.0,125.0,4.0,2.0,20,-2500.0,-2442.5,-2413.5,-2379.25,-2328.0,-2410.0,4758.307510828972
Maxcut,G/regenerated/G29_2000_19990_random_3405.txt,2000,0.009999999999999998,19.99,-3405.0,4,8,Hierarchical_solver,500.0,250.0,62.5,8.0,2.0,20,-2073.0,-2030.25,-1971.5,-1935.5,-1868.0,-1969.5,12801.1731580019
Maxcut,G/regenerated/G29_2000_19990_random_3405.txt,2000,0.009999999999999998,19.99,-3405.0,8,1,Hierarchical_solver,250.0,2000.0,250.0,1.0,2.0,20,-3287.0,-3252.25,-3226.5,-3217.25,-3129.0,-3231.15,0.0
Maxcut,G/regenerated/G29_2000_19990_random_3405.txt,2000,0.009999999999999998,19.99,-3405.0,8,2,Hierarchical_solver,250.0,1000.0,125.0,2.0,2.0,20,-2955.0,-2853.25,-2846.0,-2812.5,-2688.0,-2838.15,1931.6788004755974
Maxcut,G/regenerated/G29_2000_19990_random_3405.txt,2000,0.009999999999999998,19.99,-3405.0,8,4,Hierarchical_solver,250.0,500.0,62.5,4.0,2.0,20,-2451.0,-2426.75,-2352.5,-2304.25,-2266.0,-2360.75,5035.960473191738
Maxcut,G/regenerated/G29_2000_19990_random_3405.txt,2000,0.009999999999999998,19.99,-3405.0,8,8,Hierarchical_solver,250.0,250.0,31.25,8.0,2.0,20,-2185.0,-2073.75,-2035.0,-1980.0,-1916.0,-2037.95,13113.727577459813
Maxcut,G/regenerated/G29_2000_19990_random_3405.txt,2000,0.009999999999999998,19.99,-3405.0,1,0,Multiplicative,,,,,,20,-3274.0,-3245.25,-3219.0,-3196.75,-3149.0,-3219.1,533.3489338278771
Maxcut,G/regenerated/G40_2000_11766_planar_2400.txt,2000,0.0058859429714857425,11.766,-2400.0,2,1,Hierarchical_solver,1000.0,2000.0,1000.0,1.0,2.0,20,-2290.0,-2269.5,-2255.0,-2241.0,-2218.0,-2256.2,0.0
Maxcut,G/regenerated/G40_2000_11766_planar_2400.txt,2000,0.0058859429714857425,11.766,-2400.0,2,2,Hierarchical_solver,1000.0,1000.0,500.0,2.0,2.0,20,-2171.0,-2145.25,-2115.5,-2068.5,-1978.0,-2105.45,1463.7558644652368
Maxcut,G/regenerated/G40_2000_11766_planar_2400.txt,2000,0.0058859429714857425,11.766,-2400.0,2,4,Hierarchical_solver,1000.0,500.0,250.0,4.0,2.0,20,-2049.0,-1960.25,-1912.0,-1893.75,-1840.0,-1927.75,5002.7288151621815
Maxcut,G/regenerated/G40_2000_11766_planar_2400.txt,2000,0.0058859429714857425,11.766,-2400.0,2,8,Hierarchical_solver,1000.0,250.0,125.0,8.0,2.0,20,-1898.0,-1847.0,-1811.5,-1764.75,-1701.0,-1809.35,13026.0813377738
Maxcut,G/regenerated/G40_2000_11766_planar_2400.txt,2000,0.0058859429714857425,11.766,-2400.0,3,1,Hierarchical_solver,666.6666666666666,2000.0,666.6666666666666,1.0,2.0,20,-2289.0,-2261.25,-2254.5,-2245.0,-2229.0,-2255.4,0.0
Maxcut,G/regenerated/G40_2000_11766_planar_2400.txt,2000,0.0058859429714857425,11.766,-2400.0,3,2,Hierarchical_solver,666.6666666666666,1000.0,333.3333333333333,2.0,2.0,20,-2167.0,-2145.75,-2129.0,-2103.25,-2070.0,-2125.45,1603.3331980586051
Maxcut,G/regenerated/G40_2000_11766_planar_2400.txt,2000,0.0058859429714857425,11.766,-2400.0,3,4,Hierarchical_solver,666.6666666666666,500.0,166.66666666666666,4.0,2.0,20,-1994.0,-1951.0,-1910.5,-1893.5,-1674.0,-1910.0,4269.856206202507
Maxcut,G/regenerated/G40_2000_11766_planar_2400.txt,2000,0.0058859429714857425,11.766,-2400.0,3,8,Hierarchical_solver,666.6666666666666,250.0,83.33333333333333,8.0,2.0,20,-1847.0,-1789.75,-1739.0,-1703.75,-1677.0,-1748.75,11605.841681170463
Maxcut,G/regenerated/G40_2000_11766_planar_2400.txt,2000,0.0058859429714857425,11.766,-2400.0,4,1,Hierarchical_solver,500.0,2000.0,500.0,1.0,2.0,20,-2316.0,-2271.75,-2255.5,-2243.5,-2217.0,-2258.45,0.0
Maxcut,G/regenerated/G40_2000_11766_planar_2400.txt,2000,0.0058859429714857425,11.766,-2400.0,4,2,Hierarchical_solver,500.0,1000.0,250.0,2.0,2.0,20,-2172.0,-2135.75,-2115.0,-2074.75,-2010.0,-2105.1,1669.1475608110427
Maxcut,G/regenerated/G40_2000_11766_planar_2400.txt,2000,0.0058859429714857425,11.766,-2400.0,4,4,Hierarchical_solver,500.0,500.0,125.0,4.0,2.0,20,-1954.0,-1868.5,-1849.5,-1823.25,-1773.0,-1848.35,4406.76228249073
Maxcut,G/regenerated/G40_2000_11766_planar_2400.txt,2000,0.0058859429714857425,11.766,-2400.0,4,8,Hierarchical_solver,500.0,250.0,62.5,8.0,2.0,20,-1779.0,-1714.75,-1695.0,-1607.0,-1529.0,-1667.0,11894.404274904728
Maxcut,G/regenerated/G40_2000_11766_planar_2400.txt,2000,0.0058859429714857425,11.766,-2400.0,8,1,Hierarchical_solver,250.0,2000.0,250.0,1.0,2.0,20,-2296.0,-2279.25,-2262.0,-2249.0,-2220.0,-2261.9,0.0
Maxcut,G/regenerated/G40_2000_11766_planar_2400.txt,2000,0.0058859429714857425,11.766,-2400.0,8,2,Hierarchical_solver,250.0,1000.0,125.0,2.0,2.0,20,-2144.0,-2128.0,-2104.0,-2066.25,-1888.0,-2080.05,1820.2121499061584
Maxcut,G/regenerated/G40_2000_11766_planar_2400.txt,2000,0.0058859429714857425,11.766,-2400.0,8,4,Hierarchical_solver,250.0,500.0,62.5,4.0,2.0,20,-1909.0,-1866.75,-1838.5,-1815.5,-1730.0,-1837.35,4699.990986597538
Maxcut,G/regenerated/G40_2000_11766_planar_2400.txt,2000,0.0058859429714857425,11.766,-2400.0,8,8,Hierarchical_solver,250.0,250.0,31.25,8.0,2.0,20,-1786.0,-1727.0,-1697.0,-1665.75,-1545.0,-1688.6,12311.375792956353
Maxcut,G/regenerated/G40_2000_11766_planar_2400.txt,2000,0.0058859429714857425,11.766,-2400.0,1,0,Multiplicative,,,,,,20,-2286.0,-2254.75,-2243.5,-2229.0,-2214.0,-2246.05,275.8794604420662
Maxcut,G/regenerated/K2000_2000_1999000_dense_33337.txt,2000,1.0,1999.0,-33337.0,2,1,Hierarchical_solver,1000.0,2000.0,1000.0,1.0,2.0,20,-32405.0,-31873.75,-31739.5,-31678.0,-31346.0,-31806.95,0.0
Maxcut,G/regenerated/K2000_2000_1999000_dense_33337.txt,2000,1.0,1999.0,-33337.0,2,2,Hierarchical_solver,1000.0,1000.0,500.0,2.0,2.0,20,-32321.0,-31884.25,-31722.5,-31648.0,-31077.0,-31777.35,255.56007964611052
Maxcut,G/regenerated/K2000_2000_1999000_dense_33337.txt,2000,1.0,1999.0,-33337.0,2,4,Hierarchical_solver,1000.0,500.0,250.0,4.0,2.0,20,-32396.0,-31971.25,-31758.0,-31616.5,-31402.0,-31824.4,573.9249282240868
Maxcut,G/regenerated/K2000_2000_1999000_dense_33337.txt,2000,1.0,1999.0,-33337.0,2,8,Hierarchical_solver,1000.0,250.0,125.0,8.0,2.0,20,-32152.0,-31897.0,-31735.0,-31632.25,-31237.0,-31747.45,1125.5171951174736
Maxcut,G/regenerated/K2000_2000_1999000_dense_33337.txt,2000,1.0,1999.0,-33337.0,3,1,Hierarchical_solver,666.6666666666666,2000.0,666.6666666666666,1.0,2.0,20,-32405.0,-31873.75,-31739.5,-31678.0,-31346.0,-31806.95,0.0
Maxcut,G/regenerated/K2000_2000_1999000_dense_33337.txt,2000,1.0,1999.0,-33337.0,3,2,Hierarchical_solver,666.6666666666666,1000.0,333.3333333333333,2.0,2.0,20,-32118.0,-31719.5,-31627.5,-31522.25,-31243.0,-31637.2,360.0450050830841
Maxcut,G/regenerated/K2000_2000_1999000_dense_33337.txt,2000,1.0,1999.0,-33337.0,3,4,Hierarchical_solver,666.6666666666666,500.0,166.66666666666666,4.0,2.0,20,-32275.0,-31826.5,-31668.0,-31507.5,-31243.0,-31703.25,528.7593141555786
Maxcut,G/regenerated/K2000_2000_1999000_dense_33337.txt,2000,1.0,1999.0,-33337.0,3,8,Hierarchical_solver,666.6666666666666,250.0,83.33333333333333,8.0,2.0,20,-32275.0,-31941.75,-31722.0,-31638.0,-31309.0,-31764.8,1110.885106933117
Maxcut,G/regenerated/K2000_2000_1999000_dense_33337.txt,2000,1.0,1999.0,-33337.0,4,1,Hierarchical_solver,500.0,2000.0,500.0,1.0,2.0,20,-32405.0,-31873.75,-31739.5,-31678.0,-31346.0,-31806.95,0.0
Maxcut,G/regenerated/K2000_2000_1999000_dense_33337.txt,2000,1.0,1999.0,-33337.0,4,2,Hierarchical_solver,500.0,1000.0,250.0,2.0,2.0,20,-32245.0,-31918.5,-31752.5,-31626.5,-31158.0,-31764.85,314.0125939846039
Maxcut,G/regenerated/K2000_2000_1999000_dense_33337.txt,2000,1.0,1999.0,-33337.0,4,4,Hierarchical_solver,500.0,500.0,125.0,4.0,2.0,20,-32337.0,-31847.0,-31650.0,-31596.75,-31011.0,-31688.25,550.3369382023811
Maxcut,G/regenerated/K2000_2000_1999000_dense_33337.txt,2000,1.0,1999.0,-33337.0,4,8,Hierarchical_solver,500.0,250.0,62.5,8.0,2.0,20,-32377.0,-31897.25,-31692.0,-31508.25,-31173.0,-31701.65,1164.8079335212708
Maxcut,G/regenerated/K2000_2000_1999000_dense_33337.txt,2000,1.0,1999.0,-33337.0,8,1,Hierarchical_solver,250.0,2000.0,250.0,1.0,2.0,20,-32405.0,-31873.75,-31739.5,-31678.0,-31346.0,-31806.95,0.0
Maxcut,G/regenerated/K2000_2000_1999000_dense_33337.txt,2000,1.0,1999.0,-33337.0,8,2,Hierarchical_solver,250.0,1000.0,125.0,2.0,2.0,20,-31915.0,-31807.25,-31619.0,-31400.5,-31103.0,-31587.7,271.63733664751055
Maxcut,G/regenerated/K2000_2000_1999000_dense_33337.txt,2000,1.0,1999.0,-33337.0,8,4,Hierarchical_solver,250.0,500.0,62.5,4.0,2.0,20,-32255.0,-31776.25,-31578.5,-31475.0,-31004.0,-31602.7,609.0246733307838
Maxcut,G/regenerated/K2000_2000_1999000_dense_33337.txt,2000,1.0,1999.0,-33337.0,8,8,Hierarchical_solver,250.0,250.0,31.25,8.0,2.0,20,-31956.0,-31769.75,-31639.0,-31375.5,-31047.0,-31558.05,1065.586323451996
Maxcut,G/regenerated/K2000_2000_1999000_dense_33337.txt,2000,1.0,1999.0,-33337.0,1,0,Multiplicative,,,,,,20,-32072.0,-31823.5,-31707.0,-31590.75,-31075.0,-31670.75,47.35528004169464
