solver,trial,cold,wall_s,reported_s,energy,iterations,ops,label,commit,dirty,date,benchmark,effort,cpu,affinity,omp_threads,python,numpy,numba
SA,0,True,0.028959682999811776,0.028896570205688477,-11845,1000,8016016000,baseline,2c2995d,False,2026-10-08T11:05:30,K2000,0,AMD Ryzen 9 9950X3D 16-Core Processor,"0,1,2,3,4,5,6,7,8,9,10,11,12,13,14,15,16,17,18,19,20,21,22,23,24,25,26,27,28,29,30,31",,3.12.7,1.26.4,0.61.2
SA,1,False,0.022767158999840831,0.022716522216796875,-10455,1000,8016016000,baseline,2c2995d,False,2026-10-08T11:05:30,K2000,0,AMD Ryzen 9 9950X3D 16-Core Processor,"0,1,2,3,4,5,6,7,8,9,10,11,12,13,14,15,16,17,18,19,20,21,22,23,24,25,26,27,28,29,30,31",,3.12.7,1.26.4,0.61.2
SA,2,False,0.018563386000096216,0.018516778945922852,-10989,1000,8016016000,baseline,2c2995d,False,2026-10-08T11:05:30,K2000,0,AMD Ryzen 9 9950X3D 16-Core Processor,"0,1,2,3,4,5,6,7,8,9,10,11,12,13,14,15,16,17,18,19,20,21,22,23,24,25,26,27,28,29,30,31",,3.12.7,1.26.4,0.61.2
SA,3,False,0.018888537000066208,0.018849372863769531,-11114,1000,8016016000,baseline,2c2995d,False,2026-10-08T11:05:30,K2000,0,AMD Ryzen 9 9950X3D 16-Core Processor,"0,1,2,3,4,5,6,7,8,9,10,11,12,13,14,15,16,17,18,19,20,21,22,23,24,25,26,27,28,29,30,31",,3.12.7,1.26.4,0.61.2
SA,4,False,0.019157722000045396,0.019118547439575195,-10178,1000,8016016000,baseline,2c2995d,False,2026-10-08T11:05:30,K2000,0,AMD Ryzen 9 9950X3D 16-Core Processor,"0,1,2,3,4,5,6,7,8,9,10,11,12,13,14,15,16,17,18,19,20,21,22,23,24,25,26,27,28,29,30,31",,3.12.7,1.26.4,0.61.2
SA,5,False,0.019014777999927901,0.018979549407958984,-11784,1000,8016016000,baseline,2c2995d,False,2026-10-08T11:05:30,K2000,0,AMD Ryzen 9 9950X3D 16-Core Processor,"0,1,2,3,4,5,6,7,8,9,10,11,12,13,14,15,16,17,18,19,20,21,22,23,24,25,26,27,28,29,30,31",,3.12.7,1.26.4,0.61.2
SA,6,False,0.018257210999991003,0.018220424652099609,-11960,1000,8016016000,baseline,2c2995d,False,2026-10-08T11:05:30,K2000,0,AMD Ryzen 9 9950X3D 16-Core Processor,"0,1,2,3,4,5,6,7,8,9,10,11,12,13,14,15,16,17,18,19,20,21,22,23,24,25,26,27,28,29,30,31",,3.12.7,1.26.4,0.61.2
SA,7,False,0.018370507000099678,0.018335819244384766,-10972,1000,8016016000,baseline,2c2995d,False,2026-10-08T11:05:30,K2000,0,AMD Ryzen 9 9950X3D 16-Core Processor,"0,1,2,3,4,5,6,7,8,9,10,11,12,13,14,15,16,17,18,19,20,21,22,23,24,25,26,27,28,29,30,31",,3.12.7,1.26.4,0.61.2
SA,8,False,0.021585511000012048,0.021551609039306641,-10655,1000,8016016000,baseline,2c2995d,False,2026-10-08T11:05:30,K2000,0,AMD Ryzen 9 9950X3D 16-Core Processor,"0,1,2,3,4,5,6,7,8,9,10,11,12,13,14,15,16,17,18,19,20,21,22,23,24,25,26,27,28,29,30,31",,3.12.7,1.26.4,0.61.2
SA,9,False,0.018208527000069807,0.018174409866333008,-10357,1000,8016016000,baseline,2c2995d,False,2026-10-08T11:05:30,K2000,0,AMD Ryzen 9 9950X3D 16-Core Processor,"0,1,2,3,4,5,6,7,8,9,10,11,12,13,14,15,16,17,18,19,20,21,22,23,24,25,26,27,28,29,30,31",,3.12.7,1.26.4,0.61.2
inSituSA,0,True,0.063115066000136721,0.059193611145019531,-5437,500,7000500,baseline,2c2995d,False,2026-10-08T11:05:30,K2000,0,AMD Ryzen 9 9950X3D 16-Core Processor,"0,1,2,3,4,5,6,7,8,9,10,11,12,13,14,15,16,17,18,19,20,21,22,23,24,25,26,27,28,29,30,31",,3.12.7,1.26.4,0.61.2
inSituSA,1,False,0.072838077000142221,0.069169759750366211,-4184,500,7000500,baseline,2c2995d,False,2026-10-08T11:05:30,K2000,0,AMD Ryzen 9 9950X3D 16-Core Processor,"0,1,2,3,4,5,6,7,8,9,10,11,12,13,14,15,16,17,18,19,20,21,22,23,24,25,26,27,28,29,30,31",,3.12.7,1.26.4,0.61.2
inSituSA,2,False,0.068210473999897658,0.064542293548583984,-3778,500,7000500,baseline,2c2995d,False,2026-10-08T11:05:30,K2000,0,AMD Ryzen 9 9950X3D 16-Core Processor,"0,1,2,3,4,5,6,7,8,9,10,11,12,13,14,15,16,17,18,19,20,21,22,23,24,25,26,27,28,29,30,31",,3.12.7,1.26.4,0.61.2
inSituSA,3,False,0.063752695000175663,0.059748649597167969,-3914,500,7000500,baseline,2c2995d,False,2026-10-08T11:05:30,K2000,0,AMD Ryzen 9 9950X3D 16-Core Processor,"0,1,2,3,4,5,6,7,8,9,10,11,12,13,14,15,16,17,18,19,20,21,22,23,24,25,26,27,28,29,30,31",,3.12.7,1.26.4,0.61.2
inSituSA,4,False,0.063132378999853245,0.059390068054199219,-4356,500,7000500,baseline,2c2995d,False,2026-10-08T11:05:30,K2000,0,AMD Ryzen 9 9950X3D 16-Core Processor,"0,1,2,3,4,5,6,7,8,9,10,11,12,13,14,15,16,17,18,19,20,21,22,23,24,25,26,27,28,29,30,31",,3.12.7,1.26.4,0.61.2
inSituSA,5,False,0.070280710000133695,0.066465616226196289,-4706,500,7000500,baseline,2c2995d,False,2026-10-08T11:05:30,K2000,0,AMD Ryzen 9 9950X3D 16-Core Processor,"0,1,2,3,4,5,6,7,8,9,10,11,12,13,14,15,16,17,18,19,20,21,22,23,24,25,26,27,28,29,30,31",,3.12.7,1.26.4,0.61.2
inSituSA,6,False,0.06505261900019832,0.061344146728515625,-5274,500,7000500,baseline,2c2995d,False,2026-10-08T11:05:30,K2000,0,AMD Ryzen 9 9950X3D 16-Core Processor,"0,1,2,3,4,5,6,7,8,9,10,11,12,13,14,15,16,17,18,19,20,21,22,23,24,25,26,27,28,29,30,31",,3.12.7,1.26.4,0.61.2
inSituSA,7,False,0.063398107000011805,0.059614658355712891,-3963,500,7000500,baseline,2c2995d,False,2026-10-08T11:05:30,K2000,0,AMD Ryzen 9 9950X3D 16-Core Processor,"0,1,2,3,4,5,6,7,8,9,10,11,12,13,14,15,16,17,18,19,20,21,22,23,24,25,26,27,28,29,30,31",,3.12.7,1.26.4,0.61.2
inSituSA,8,False,0.063274691000060557,0.059581756591796875,-3215,500,7000500,baseline,2c2995d,False,2026-10-08T11:05:30,K2000,0,AMD Ryzen 9 9950X3D 16-Core Processor,"0,1,2,3,4,5,6,7,8,9,10,11,12,13,14,15,16,17,18,19,20,21,22,23,24,25,26,27,28,29,30,31",,3.12.7,1.26.4,0.61.2
inSituSA,9,False,0.066841597999882651,0.06292724609375,-4748,500,7000500,baseline,2c2995d,False,2026-10-08T11:05:30,K2000,0,AMD Ryzen 9 9950X3D 16-Core Processor,"0,1,2,3,4,5,6,7,8,9,10,11,12,13,14,15,16,17,18,19,20,21,22,23,24,25,26,27,28,29,30,31",,3.12.7,1.26.4,0.61.2
SCA,0,True,0.29221081999980925,0.28362560272216797,-30579,100,801700200,baseline,2c2995d,False,2026-10-08T11:05:30,K2000,0,AMD Ryzen 9 9950X3D 16-Core Processor,"0,1,2,3,4,5,6,7,8,9,10,11,12,13,14,15,16,17,18,19,20,21,22,23,24,25,26,27,28,29,30,31",,3.12.7,1.26.4,0.61.2
SCA,1,False,0.27377503799993974,0.26604270935058594,-30798,100,801700200,baseline,2c2995d,False,2026-10-08T11:05:30,K2000,0,AMD Ryzen 9 9950X3D 16-Core Processor,"0,1,2,3,4,5,6,7,8,9,10,11,12,13,14,15,16,17,18,19,20,21,22,23,24,25,26,27,28,29,30,31",,3.12.7,1.26.4,0.61.2
SCA,2,False,0.27573237900014647,0.26778221130371094,-30130,100,801700200,baseline,2c2995d,False,2026-10-08T11:05:30,K2000,0,AMD Ryzen 9 9950X3D 16-Core Processor,"0,1,2,3,4,5,6,7,8,9,10,11,12,13,14,15,16,17,18,19,20,21,22,23,24,25,26,27,28,29,30,31",,3.12.7,1.26.4,0.61.2
SCA,3,False,0.29735663399992518,0.28978967666625977,-31006,100,801700200,baseline,2c2995d,False,2026-10-08T11:05:30,K2000,0,AMD Ryzen 9 9950X3D 16-Core Processor,"0,1,2,3,4,5,6,7,8,9,10,11,12,13,14,15,16,17,18,19,20,21,22,23,24,25,26,27,28,29,30,31",,3.12.7,1.26.4,0.61.2
SCA,4,False,0.27250590299991018,0.26436424255371094,-30139,100,801700200,baseline,2c2995d,False,2026-10-08T11:05:30,K2000,0,AMD Ryzen 9 9950X3D 16-Core Processor,"0,1,2,3,4,5,6,7,8,9,10,11,12,13,14,15,16,17,18,19,20,21,22,23,24,25,26,27,28,29,30,31",,3.12.7,1.26.4,0.61.2
SCA,5,False,0.27376152199985881,0.2658994197845459,-30645,100,801700200,baseline,2c2995d,False,2026-10-08T11:05:30,K2000,0,AMD Ryzen 9 9950X3D 16-Core Processor,"0,1,2,3,4,5,6,7,8,9,10,11,12,13,14,15,16,17,18,19,20,21,22,23,24,25,26,27,28,29,30,31",,3.12.7,1.26.4,0.61.2
SCA,6,False,0.27289932400003636,0.26485419273376465,-30725,100,801700200,baseline,2c2995d,False,2026-10-08T11:05:30,K2000,0,AMD Ryzen 9 9950X3D 16-Core Processor,"0,1,2,3,4,5,6,7,8,9,10,11,12,13,14,15,16,17,18,19,20,21,22,23,24,25,26,27,28,29,30,31",,3.12.7,1.26.4,0.61.2
SCA,7,False,0.27092456100012896,0.26296854019165039,-30908,100,801700200,baseline,2c2995d,False,2026-10-08T11:05:30,K2000,0,AMD Ryzen 9 9950X3D 16-Core Processor,"0,1,2,3,4,5,6,7,8,9,10,11,12,13,14,15,16,17,18,19,20,21,22,23,24,25,26,27,28,29,30,31",,3.12.7,1.26.4,0.61.2
SCA,8,False,0.27435878300002514,0.26623272895812988,-30382,100,801700200,baseline,2c2995d,False,2026-10-08T11:05:30,K2000,0,AMD Ryzen 9 9950X3D 16-Core Processor,"0,1,2,3,4,5,6,7,8,9,10,11,12,13,14,15,16,17,18,19,20,21,22,23,24,25,26,27,28,29,30,31",,3.12.7,1.26.4,0.61.2
SCA,9,False,0.2710842250000951,0.2632606029510498,-31138,100,801700200,baseline,2c2995d,False,2026-10-08T11:05:30,K2000,0,AMD Ryzen 9 9950X3D 16-Core Processor,"0,1,2,3,4,5,6,7,8,9,10,11,12,13,14,15,16,17,18,19,20,21,22,23,24,25,26,27,28,29,30,31",,3.12.7,1.26.4,0.61.2
bSB,0,True,0.11493560700000671,0.020076513290405273,-33266,500,4009003000,baseline,2c2995d,False,2026-10-08T11:05:30,K2000,0,AMD Ryzen 9 9950X3D 16-Core Processor,"0,1,2,3,4,5,6,7,8,9,10,11,12,13,14,15,16,17,18,19,20,21,22,23,24,25,26,27,28,29,30,31",,3.12.7,1.26.4,0.61.2
bSB,1,False,0.11337291099994218,0.019965648651123047,-32870,500,4009003000,baseline,2c2995d,False,2026-10-08T11:05:30,K2000,0,AMD Ryzen 9 9950X3D 16-Core Processor,"0,1,2,3,4,5,6,7,8,9,10,11,12,13,14,15,16,17,18,19,20,21,22,23,24,25,26,27,28,29,30,31",,3.12.7,1.26.4,0.61.2
bSB,2,False,0.11668114400004015,0.022759675979614258,-33026,500,4009003000,baseline,2c2995d,False,2026-10-08T11:05:30,K2000,0,AMD Ryzen 9 9950X3D 16-Core Processor,"0,1,2,3,4,5,6,7,8,9,10,11,12,13,14,15,16,17,18,19,20,21,22,23,24,25,26,27,28,29,30,31",,3.12.7,1.26.4,0.61.2
bSB,3,False,0.11280032800004847,0.019939422607421875,-33055,500,4009003000,baseline,2c2995d,False,2026-10-08T11:05:30,K2000,0,AMD Ryzen 9 9950X3D 16-Core Processor,"0,1,2,3,4,5,6,7,8,9,10,11,12,13,14,15,16,17,18,19,20,21,22,23,24,25,26,27,28,29,30,31",,3.12.7,1.26.4,0.61.2
bSB,4,False,0.11404141899993192,0.020001888275146484,-33171,500,4009003000,baseline,2c2995d,False,2026-10-08T11:05:30,K2000,0,AMD Ryzen 9 9950X3D 16-Core Processor,"0,1,2,3,4,5,6,7,8,9,10,11,12,13,14,15,16,17,18,19,20,21,22,23,24,25,26,27,28,29,30,31",,3.12.7,1.26.4,0.61.2
bSB,5,False,0.11703647199988154,0.023564815521240234,-33140,500,4009003000,baseline,2c2995d,False,2026-10-08T11:05:30,K2000,0,AMD Ryzen 9 9950X3D 16-Core Processor,"0,1,2,3,4,5,6,7,8,9,10,11,12,13,14,15,16,17,18,19,20,21,22,23,24,25,26,27,28,29,30,31",,3.12.7,1.26.4,0.61.2
bSB,6,False,0.11402776299996731,0.020048618316650391,-33179,500,4009003000,baseline,2c2995d,False,2026-10-08T11:05:30,K2000,0,AMD Ryzen 9 9950X3D 16-Core Processor,"0,1,2,3,4,5,6,7,8,9,10,11,12,13,14,15,16,17,18,19,20,21,22,23,24,25,26,27,28,29,30,31",,3.12.7,1.26.4,0.61.2
bSB,7,False,0.11377985900003296,0.020696401596069336,-32786,500,4009003000,baseline,2c2995d,False,2026-10-08T11:05:30,K2000,0,AMD Ryzen 9 9950X3D 16-Core Processor,"0,1,2,3,4,5,6,7,8,9,10,11,12,13,14,15,16,17,18,19,20,21,22,23,24,25,26,27,28,29,30,31",,3.12.7,1.26.4,0.61.2
bSB,8,False,0.11423183300007622,0.020231008529663086,-32816,500,4009003000,baseline,2c2995d,False,2026-10-08T11:05:30,K2000,0,AMD Ryzen 9 9950X3D 16-Core Processor,"0,1,2,3,4,5,6,7,8,9,10,11,12,13,14,15,16,17,18,19,20,21,22,23,24,25,26,27,28,29,30,31",,3.12.7,1.26.4,0.61.2
bSB,9,False,0.11312952599996606,0.019912242889404297,-32866,500,4009003000,baseline,2c2995d,False,2026-10-08T11:05:30,K2000,0,AMD Ryzen 9 9950X3D 16-Core Processor,"0,1,2,3,4,5,6,7,8,9,10,11,12,13,14,15,16,17,18,19,20,21,22,23,24,25,26,27,28,29,30,31",,3.12.7,1.26.4,0.61.2
dSB,0,True,0.11733526399984839,0.023545026779174805,-32807,500,4009002500,baseline,2c2995d,False,2026-10-08T11:05:30,K2000,0,AMD Ryzen 9 9950X3D 16-Core Processor,"0,1,2,3,4,5,6,7,8,9,10,11,12,13,14,15,16,17,18,19,20,21,22,23,24,25,26,27,28,29,30,31",,3.12.7,1.26.4,0.61.2
dSB,1,False,0.11683145099982539,0.023692607879638672,-32820,500,4009002500,baseline,2c2995d,False,2026-10-08T11:05:30,K2000,0,AMD Ryzen 9 9950X3D 16-Core Processor,"0,1,2,3,4,5,6,7,8,9,10,11,12,13,14,15,16,17,18,19,20,21,22,23,24,25,26,27,28,29,30,31",,3.12.7,1.26.4,0.61.2
dSB,2,False,0.11786657900006503,0.023732185363769531,-32319,500,4009002500,baseline,2c2995d,False,2026-10-08T11:05:30,K2000,0,AMD Ryzen 9 9950X3D 16-Core Processor,"0,1,2,3,4,5,6,7,8,9,10,11,12,13,14,15,16,17,18,19,20,21,22,23,24,25,26,27,28,29,30,31",,3.12.7,1.26.4,0.61.2
dSB,3,False,0.11671689200011315,0.023604869842529297,-32549,500,4009002500,baseline,2c2995d,False,2026-10-08T11:05:30,K2000,0,AMD Ryzen 9 9950X3D 16-Core Processor,"0,1,2,3,4,5,6,7,8,9,10,11,12,13,14,15,16,17,18,19,20,21,22,23,24,25,26,27,28,29,30,31",,3.12.7,1.26.4,0.61.2
dSB,4,False,0.11748647299987169,0.023629903793334961,-32553,500,4009002500,baseline,2c2995d,False,2026-10-08T11:05:30,K2000,0,AMD Ryzen 9 9950X3D 16-Core Processor,"0,1,2,3,4,5,6,7,8,9,10,11,12,13,14,15,16,17,18,19,20,21,22,23,24,25,26,27,28,29,30,31",,3.12.7,1.26.4,0.61.2
dSB,5,False,0.11708188900001915,0.023605108261108398,-32644,500,4009002500,baseline,2c2995d,False,2026-10-08T11:05:30,K2000,0,AMD Ryzen 9 9950X3D 16-Core Processor,"0,1,2,3,4,5,6,7,8,9,10,11,12,13,14,15,16,17,18,19,20,21,22,23,24,25,26,27,28,29,30,31",,3.12.7,1.26.4,0.61.2
dSB,6,False,0.11730819199988218,0.023437976837158203,-32773,500,4009002500,baseline,2c2995d,False,2026-10-08T11:05:30,K2000,0,AMD Ryzen 9 9950X3D 16-Core Processor,"0,1,2,3,4,5,6,7,8,9,10,11,12,13,14,15,16,17,18,19,20,21,22,23,24,25,26,27,28,29,30,31",,3.12.7,1.26.4,0.61.2
dSB,7,False,0.11650756099993487,0.023366212844848633,-32871,500,4009002500,baseline,2c2995d,False,2026-10-08T11:05:30,K2000,0,AMD Ryzen 9 9950X3D 16-Core Processor,"0,1,2,3,4,5,6,7,8,9,10,11,12,13,14,15,16,17,18,19,20,21,22,23,24,25,26,27,28,29,30,31",,3.12.7,1.26.4,0.61.2
dSB,8,False,0.11742177900009665,0.023550033569335938,-32846,500,4009002500,baseline,2c2995d,False,2026-10-08T11:05:30,K2000,0,AMD Ryzen 9 9950X3D 16-Core Processor,"0,1,2,3,4,5,6,7,8,9,10,11,12,13,14,15,16,17,18,19,20,21,22,23,24,25,26,27,28,29,30,31",,3.12.7,1.26.4,0.61.2
dSB,9,False,0.11954731099990568,0.026193618774414062,-32895,500,4009002500,baseline,2c2995d,False,2026-10-08T11:05:30,K2000,0,AMD Ryzen 9 9950X3D 16-Core Processor,"0,1,2,3,4,5,6,7,8,9,10,11,12,13,14,15,16,17,18,19,20,21,22,23,24,25,26,27,28,29,30,31",,3.12.7,1.26.4,0.61.2
BRIM,0,True,5.8116771980000976,1.1000000389727038e-07,-31559,-1,296222000,baseline,2c2995d,False,2026-10-08T11:05:30,K2000,0,AMD Ryzen 9 9950X3D 16-Core Processor,"0,1,2,3,4,5,6,7,8,9,10,11,12,13,14,15,16,17,18,19,20,21,22,23,24,25,26,27,28,29,30,31",,3.12.7,1.26.4,0.61.2
BRIM,1,False,5.8268019619999905,1.1000000389727038e-07,-31503,-1,296222000,baseline,2c2995d,False,2026-10-08T11:05:30,K2000,0,AMD Ryzen 9 9950X3D 16-Core Processor,"0,1,2,3,4,5,6,7,8,9,10,11,12,13,14,15,16,17,18,19,20,21,22,23,24,25,26,27,28,29,30,31",,3.12.7,1.26.4,0.61.2
BRIM,2,False,5.8652482259999488,1.1000000389727038e-07,-31805,-1,296222000,baseline,2c2995d,False,2026-10-08T11:05:30,K2000,0,AMD Ryzen 9 9950X3D 16-Core Processor,"0,1,2,3,4,5,6,7,8,9,10,11,12,13,14,15,16,17,18,19,20,21,22,23,24,25,26,27,28,29,30,31",,3.12.7,1.26.4,0.61.2
BRIM,3,False,5.8544634060001499,1.1000000389727038e-07,-31587,-1,296222000,baseline,2c2995d,False,2026-10-08T11:05:30,K2000,0,AMD Ryzen 9 9950X3D 16-Core Processor,"0,1,2,3,4,5,6,7,8,9,10,11,12,13,14,15,16,17,18,19,20,21,22,23,24,25,26,27,28,29,30,31",,3.12.7,1.26.4,0.61.2
BRIM,4,False,5.9604835669999829,1.1000000389727038e-07,-31339,-1,296222000,baseline,2c2995d,False,2026-10-08T11:05:30,K2000,0,AMD Ryzen 9 9950X3D 16-Core Processor,"0,1,2,3,4,5,6,7,8,9,10,11,12,13,14,15,16,17,18,19,20,21,22,23,24,25,26,27,28,29,30,31",,3.12.7,1.26.4,0.61.2
BRIM,5,False,5.932779784999866,1.1000000389727038e-07,-31005,-1,296222000,baseline,2c2995d,False,2026-10-08T11:05:30,K2000,0,AMD Ryzen 9 9950X3D 16-Core Processor,"0,1,2,3,4,5,6,7,8,9,10,11,12,13,14,15,16,17,18,19,20,21,22,23,24,25,26,27,28,29,30,31",,3.12.7,1.26.4,0.61.2
BRIM,6,False,5.8549640129999716,1.1000000389727038e-07,-31871,-1,296222000,baseline,2c2995d,False,2026-10-08T11:05:30,K2000,0,AMD Ryzen 9 9950X3D 16-Core Processor,"0,1,2,3,4,5,6,7,8,9,10,11,12,13,14,15,16,17,18,19,20,21,22,23,24,25,26,27,28,29,30,31",,3.12.7,1.26.4,0.61.2
BRIM,7,False,5.9205967059999693,1.1000000389727038e-07,-31580,-1,296222000,baseline,2c2995d,False,2026-10-08T11:05:30,K2000,0,AMD Ryzen 9 9950X3D 16-Core Processor,"0,1,2,3,4,5,6,7,8,9,10,11,12,13,14,15,16,17,18,19,20,21,22,23,24,25,26,27,28,29,30,31",,3.12.7,1.26.4,0.61.2
BRIM,8,False,5.950134399000035,1.1000000389727038e-07,-31698,-1,296222000,baseline,2c2995d,False,2026-10-08T11:05:30,K2000,0,AMD Ryzen 9 9950X3D 16-Core Processor,"0,1,2,3,4,5,6,7,8,9,10,11,12,13,14,15,16,17,18,19,20,21,22,23,24,25,26,27,28,29,30,31",,3.12.7,1.26.4,0.61.2
BRIM,9,False,6.3320431409999856,1.1000000389727038e-07,-31152,-1,296222000,baseline,2c2995d,False,2026-10-08T11:05:30,K2000,0,AMD Ryzen 9 9950X3D 16-Core Processor,"0,1,2,3,4,5,6,7,8,9,10,11,12,13,14,15,16,17,18,19,20,21,22,23,24,25,26,27,28,29,30,31",,3.12.7,1.26.4,0.61.2
Multiplicative,0,True,0.56643597500010401,23.670696973800659,-30739,20,160166929,baseline,2c2995d,False,2026-10-08T11:05:30,K2000,0,AMD Ryzen 9 9950X3D 16-Core Processor,"0,1,2,3,4,5,6,7,8,9,10,11,12,13,14,15,16,17,18,19,20,21,22,23,24,25,26,27,28,29,30,31",,3.12.7,1.26.4,0.61.2
Multiplicative,1,False,0.67225228500001322,23.67094898223877,-30683,20,160166929,baseline,2c2995d,False,2026-10-08T11:05:30,K2000,0,AMD Ryzen 9 9950X3D 16-Core Processor,"0,1,2,3,4,5,6,7,8,9,10,11,12,13,14,15,16,17,18,19,20,21,22,23,24,25,26,27,28,29,30,31",,3.12.7,1.26.4,0.61.2
Multiplicative,2,False,0.57018810499994288,23.670726537704468,-30944,20,160166929,baseline,2c2995d,False,2026-10-08T11:05:30,K2000,0,AMD Ryzen 9 9950X3D 16-Core Processor,"0,1,2,3,4,5,6,7,8,9,10,11,12,13,14,15,16,17,18,19,20,21,22,23,24,25,26,27,28,29,30,31",,3.12.7,1.26.4,0.61.2
Multiplicative,3,False,0.56611154400002306,23.670659780502319,-30516,20,160166929,baseline,2c2995d,False,2026-10-08T11:05:30,K2000,0,AMD Ryzen 9 9950X3D 16-Core Processor,"0,1,2,3,4,5,6,7,8,9,10,11,12,13,14,15,16,17,18,19,20,21,22,23,24,25,26,27,28,29,30,31",,3.12.7,1.26.4,0.61.2
Multiplicative,4,False,0.55032584899981885,23.103815317153931,-30164,20,160166929,baseline,2c2995d,False,2026-10-08T11:05:30,K2000,0,AMD Ryzen 9 9950X3D 16-Core Processor,"0,1,2,3,4,5,6,7,8,9,10,11,12,13,14,15,16,17,18,19,20,21,22,23,24,25,26,27,28,29,30,31",,3.12.7,1.26.4,0.61.2
Multiplicative,5,False,0.61047408000013093,23.670777797698975,-30788,20,160166929,baseline,2c2995d,False,2026-10-08T11:05:30,K2000,0,AMD Ryzen 9 9950X3D 16-Core Processor,"0,1,2,3,4,5,6,7,8,9,10,11,12,13,14,15,16,17,18,19,20,21,22,23,24,25,26,27,28,29,30,31",,3.12.7,1.26.4,0.61.2
Multiplicative,6,False,0.56051583100020252,23.553489685058594,-31050,20,160166929,baseline,2c2995d,False,2026-10-08T11:05:30,K2000,0,AMD Ryzen 9 9950X3D 16-Core Processor,"0,1,2,3,4,5,6,7,8,9,10,11,12,13,14,15,16,17,18,19,20,21,22,23,24,25,26,27,28,29,30,31",,3.12.7,1.26.4,0.61.2
Multiplicative,7,False,0.56256681000013486,23.670651197433472,-31001,20,160166929,baseline,2c2995d,False,2026-10-08T11:05:30,K2000,0,AMD Ryzen 9 9950X3D 16-Core Processor,"0,1,2,3,4,5,6,7,8,9,10,11,12,13,14,15,16,17,18,19,20,21,22,23,24,25,26,27,28,29,30,31",,3.12.7,1.26.4,0.61.2
Multiplicative,8,False,0.59725606099982542,23.670732975006104,-30642,20,160166929,baseline,2c2995d,False,2026-10-08T11:05:30,K2000,0,AMD Ryzen 9 9950X3D 16-Core Processor,"0,1,2,3,4,5,6,7,8,9,10,11,12,13,14,15,16,17,18,19,20,21,22,23,24,25,26,27,28,29,30,31",,3.12.7,1.26.4,0.61.2
Multiplicative,9,False,0.56054658999983076,23.670668840408325,-30869,20,160166929,baseline,2c2995d,False,2026-10-08T11:05:30,K2000,0,AMD Ryzen 9 9950X3D 16-Core Processor,"0,1,2,3,4,5,6,7,8,9,10,11,12,13,14,15,16,17,18,19,20,21,22,23,24,25,26,27,28,29,30,31",,3.12.7,1.26.4,0.61.2
Hierarchical_solver,0,True,5.0685320659999888,209.31184530258179,-3621,2,19807756630,baseline,2c2995d,False,2026-10-08T11:05:30,K2000,0,AMD Ryzen 9 9950X3D 16-Core Processor,"0,1,2,3,4,5,6,7,8,9,10,11,12,13,14,15,16,17,18,19,20,21,22,23,24,25,26,27,28,29,30,31",,3.12.7,1.26.4,0.61.2
Hierarchical_solver,1,False,4.8067265269999098,136.64457035064697,-7084,2,16413604630,baseline,2c2995d,False,2026-10-08T11:05:30,K2000,0,AMD Ryzen 9 9950X3D 16-Core Processor,"0,1,2,3,4,5,6,7,8,9,10,11,12,13,14,15,16,17,18,19,20,21,22,23,24,25,26,27,28,29,30,31",,3.12.7,1.26.4,0.61.2
Hierarchical_solver,2,False,4.7633929480000461,135.90291595458984,-3128,2,16379001130,baseline,2c2995d,False,2026-10-08T11:05:30,K2000,0,AMD Ryzen 9 9950X3D 16-Core Processor,"0,1,2,3,4,5,6,7,8,9,10,11,12,13,14,15,16,17,18,19,20,21,22,23,24,25,26,27,28,29,30,31",,3.12.7,1.26.4,0.61.2
Hierarchical_solver,3,False,4.9478313519998665,177.16141271591187,-6068,2,18306265630,baseline,2c2995d,False,2026-10-08T11:05:30,K2000,0,AMD Ryzen 9 9950X3D 16-Core Processor,"0,1,2,3,4,5,6,7,8,9,10,11,12,13,14,15,16,17,18,19,20,21,22,23,24,25,26,27,28,29,30,31",,3.12.7,1.26.4,0.61.2
Hierarchical_solver,4,False,4.9604489340001692,203.76003289222717,-3142,2,19548481130,baseline,2c2995d,False,2026-10-08T11:05:30,K2000,0,AMD Ryzen 9 9950X3D 16-Core Processor,"0,1,2,3,4,5,6,7,8,9,10,11,12,13,14,15,16,17,18,19,20,21,22,23,24,25,26,27,28,29,30,31",,3.12.7,1.26.4,0.61.2
Hierarchical_solver,5,False,5.0846229460000814,215.54312324523926,-7368,2,20098125130,baseline,2c2995d,False,2026-10-08T11:05:30,K2000,0,AMD Ryzen 9 9950X3D 16-Core Processor,"0,1,2,3,4,5,6,7,8,9,10,11,12,13,14,15,16,17,18,19,20,21,22,23,24,25,26,27,28,29,30,31",,3.12.7,1.26.4,0.61.2
Hierarchical_solver,6,False,4.7692382879999968,143.09769701957703,-6902,2,26745006130,baseline,2c2995d,False,2026-10-08T11:05:30,K2000,0,AMD Ryzen 9 9950X3D 16-Core Processor,"0,1,2,3,4,5,6,7,8,9,10,11,12,13,14,15,16,17,18,19,20,21,22,23,24,25,26,27,28,29,30,31",,3.12.7,1.26.4,0.61.2
Hierarchical_solver,7,False,4.9850111309999647,176.7691125869751,-4601,2,28318211630,baseline,2c2995d,False,2026-10-08T11:05:30,K2000,0,AMD Ryzen 9 9950X3D 16-Core Processor,"0,1,2,3,4,5,6,7,8,9,10,11,12,13,14,15,16,17,18,19,20,21,22,23,24,25,26,27,28,29,30,31",,3.12.7,1.26.4,0.61.2
Hierarchical_solver,8,False,4.8828093580000314,154.35132765769958,-6372,2,17240578130,baseline,2c2995d,False,2026-10-08T11:05:30,K2000,0,AMD Ryzen 9 9950X3D 16-Core Processor,"0,1,2,3,4,5,6,7,8,9,10,11,12,13,14,15,16,17,18,19,20,21,22,23,24,25,26,27,28,29,30,31",,3.12.7,1.26.4,0.61.2
Hierarchical_solver,9,False,5.0904650790000687,187.11451244354248,-3929,2,18771156130,baseline,2c2995d,False,2026-10-08T11:05:30,K2000,0,AMD Ryzen 9 9950X3D 16-Core Processor,"0,1,2,3,4,5,6,7,8,9,10,11,12,13,14,15,16,17,18,19,20,21,22,23,24,25,26,27,28,29,30,31",,3.12.7,1.26.4,0.61.2
