nb_cores,nb_meta_nodes,solver,en_min, en_max, en_25, en_50, en_75
2,1,Hierarchical_solver,-102630.0,-97428.0,-100918.5,-99926.0,-99202.0
2,2,Hierarchical_solver,-24866.0,-3670.0,-20382.5,-16461.0,-13146.0
2,3,Hierarchical_solver,-25708.0,-6076.0,-19569.5,-15970.0,-13128.0
2,4,Hierarchical_solver,-28110.0,-14720.0,-22300.0,-20124.0,-17940.5
2,5,Hierarchical_solver,-28390.0,-15150.0,-22523.0,-20503.0,-19199.5
4,1,Hierarchical_solver,-102706.0,-97762.0,-100789.0,-100261.0,-99407.5
4,2,Hierarchical_solver,-48474.0,-30208.0,-41607.0,-39204.0,-36408.0
4,3,Hierarchical_solver,-46922.0,-28412.0,-38549.5,-35478.0,-33287.0
4,4,Hierarchical_solver,-46886.0,-29554.0,-40813.0,-38361.0,-36299.0
4,5,Hierarchical_solver,-46726.0,-29384.0,-41253.5,-38761.0,-36578.0
8,1,Hierarchical_solver,-103188.0,-98140.0,-101014.0,-100248.0,-99223.5
8,2,Hierarchical_solver,-81516.0,-68624.0,-75836.0,-73916.0,-71949.0
8,3,Hierarchical_solver,-70576.0,-58558.0,-69043.5,-66200.0,-63945.5
8,4,Hierarchical_solver,-70440.0,-54372.0,-66481.0,-63793.0,-61644.0
8,5,Hierarchical_solver,-72674.0,-56818.0,-66589.0,-63988.0,-62158.5
1,0,Multiplicative,-101790.0,-97942.0,-100760.5,-99985.0,-99448.0
